-- phpMyAdmin SQL Dump
-- version 5.2.1
-- https://www.phpmyadmin.net/
--
-- Host: localhost
-- Generation Time: Dec 12, 2025 at 06:59 PM
-- Server version: 10.4.28-MariaDB
-- PHP Version: 8.2.4

SET SQL_MODE = "NO_AUTO_VALUE_ON_ZERO";
START TRANSACTION;
SET time_zone = "+00:00";


/*!40101 SET @OLD_CHARACTER_SET_CLIENT=@@CHARACTER_SET_CLIENT */;
/*!40101 SET @OLD_CHARACTER_SET_RESULTS=@@CHARACTER_SET_RESULTS */;
/*!40101 SET @OLD_COLLATION_CONNECTION=@@COLLATION_CONNECTION */;
/*!40101 SET NAMES utf8mb4 */;

--
-- Database: `transfinesy`
--

-- --------------------------------------------------------

--
-- Table structure for table `attendance`
--

CREATE TABLE `attendance` (
  `attendance_id` varchar(50) NOT NULL,
  `stud_id` varchar(50) NOT NULL,
  `event_id` varchar(50) NOT NULL,
  `status` enum('PRESENT','LATE','ABSENT','EXCUSED') NOT NULL,
  `minutes_late` int(11) DEFAULT 0,
  `scan_source` varchar(20) DEFAULT 'MANUAL',
  `check_in_time` datetime DEFAULT NULL,
  `check_out_time` datetime DEFAULT NULL,
  `session` varchar(10) DEFAULT NULL,
  `record_type` varchar(20) DEFAULT NULL
) ENGINE=InnoDB DEFAULT CHARSET=utf8mb4 COLLATE=utf8mb4_general_ci;

--
-- Dumping data for table `attendance`
--

INSERT INTO `attendance` (`attendance_id`, `stud_id`, `event_id`, `status`, `minutes_late`, `scan_source`, `check_in_time`, `check_out_time`, `session`, `record_type`) VALUES
('ATT-000CF30B', '2023M1516', 'EVT-A6BB485B', 'ABSENT', 0, 'MANUAL', NULL, NULL, NULL, NULL),
('ATT-0060BF65', '2023M0881', 'EVT-A6BB485B', 'ABSENT', 0, 'MANUAL', NULL, NULL, NULL, NULL),
('ATT-0063C3AD', '2024M0893', 'EVT-A6BB485B', 'ABSENT', 0, 'MANUAL', NULL, NULL, NULL, NULL),
('ATT-0103A0C4', '2024M0891', 'EVT-A6BB485B', 'ABSENT', 0, 'MANUAL', NULL, NULL, NULL, NULL),
('ATT-0104DA57', '2023M0487', 'EVT-A6BB485B', 'ABSENT', 0, 'MANUAL', NULL, NULL, NULL, NULL),
('ATT-010FB3D1', '2023M0309', 'EVT-A6BB485B', 'ABSENT', 0, 'MANUAL', NULL, NULL, NULL, NULL),
('ATT-013810E3', '2023M0994', 'EVT-A6BB485B', 'ABSENT', 0, 'MANUAL', NULL, NULL, NULL, NULL),
('ATT-0182462B', '2023M0879', 'EVT-A6BB485B', 'ABSENT', 0, 'MANUAL', NULL, NULL, NULL, NULL),
('ATT-02630DF9', '2024M1142', 'EVT-A6BB485B', 'ABSENT', 0, 'MANUAL', NULL, NULL, NULL, NULL),
('ATT-02A65AE0', '2023M0450', 'EVT-A6BB485B', 'ABSENT', 0, 'MANUAL', NULL, NULL, NULL, NULL),
('ATT-033559DE', '2022M0238', 'EVT-A6BB485B', 'ABSENT', 0, 'MANUAL', NULL, NULL, NULL, NULL),
('ATT-03D5CF36', '2024M1123', 'EVT-A6BB485B', 'ABSENT', 0, 'MANUAL', NULL, NULL, NULL, NULL),
('ATT-040AFCAF', '2024M1208', 'EVT-A6BB485B', 'ABSENT', 0, 'MANUAL', NULL, NULL, NULL, NULL),
('ATT-04221DE6', '2023M0271', 'EVT-A6BB485B', 'ABSENT', 0, 'MANUAL', NULL, NULL, NULL, NULL),
('ATT-046988AC', '2022M0418', 'EVT-A6BB485B', 'ABSENT', 0, 'MANUAL', NULL, NULL, NULL, NULL),
('ATT-04EF315F', '2024M1068', 'EVT-A6BB485B', 'ABSENT', 0, 'MANUAL', NULL, NULL, NULL, NULL),
('ATT-051B8216', '2023M0251', 'EVT-A6BB485B', 'ABSENT', 0, 'MANUAL', NULL, NULL, NULL, NULL),
('ATT-053F7086', '2017-0043-HS', 'EVT-7E1BEDA7', 'LATE', 1383, 'RFID', '2025-12-12 16:46:49', NULL, 'AM', 'TIME_IN'),
('ATT-05822B9F', '2023M1023', 'EVT-A6BB485B', 'ABSENT', 0, 'MANUAL', NULL, NULL, NULL, NULL),
('ATT-05F527D2', '2023M0480', 'EVT-A6BB485B', 'ABSENT', 0, 'MANUAL', NULL, NULL, NULL, NULL),
('ATT-06880073', '2023M1560', 'EVT-A6BB485B', 'ABSENT', 0, 'MANUAL', NULL, NULL, NULL, NULL),
('ATT-06D6D4F1', '2022M0092', 'EVT-A6BB485B', 'ABSENT', 0, 'MANUAL', NULL, NULL, NULL, NULL),
('ATT-070F10FA', '2023M0736', 'EVT-A6BB485B', 'ABSENT', 0, 'MANUAL', NULL, NULL, NULL, NULL),
('ATT-0767E5AE', '2023M0291', 'EVT-A6BB485B', 'ABSENT', 0, 'MANUAL', NULL, NULL, NULL, NULL),
('ATT-07691A7F', '2023M0310', 'EVT-A6BB485B', 'ABSENT', 0, 'MANUAL', NULL, NULL, NULL, NULL),
('ATT-07D2FE8B', '2023M0432', 'EVT-A6BB485B', 'ABSENT', 0, 'MANUAL', NULL, NULL, NULL, NULL),
('ATT-07D92576', '2023M0774', 'EVT-A6BB485B', 'ABSENT', 0, 'MANUAL', NULL, NULL, NULL, NULL),
('ATT-083BBA24', '2022M0288', 'EVT-A6BB485B', 'ABSENT', 0, 'MANUAL', NULL, NULL, NULL, NULL),
('ATT-083E8503', '2024M1109', 'EVT-A6BB485B', 'ABSENT', 0, 'MANUAL', NULL, NULL, NULL, NULL),
('ATT-0864A85A', '2022M0428', 'EVT-A6BB485B', 'ABSENT', 0, 'MANUAL', NULL, NULL, NULL, NULL),
('ATT-0887417E', '2024M1103', 'EVT-A6BB485B', 'ABSENT', 0, 'MANUAL', NULL, NULL, NULL, NULL),
('ATT-097ACC06', '2023M2193', 'EVT-A6BB485B', 'ABSENT', 0, 'MANUAL', NULL, NULL, NULL, NULL),
('ATT-09A4BEC9', '2023M1024', 'EVT-A6BB485B', 'ABSENT', 0, 'MANUAL', NULL, NULL, NULL, NULL),
('ATT-09DDD1BF', '2022M0042', 'EVT-A6BB485B', 'ABSENT', 0, 'MANUAL', NULL, NULL, NULL, NULL),
('ATT-09E79821', '2024M1135', 'EVT-A6BB485B', 'ABSENT', 0, 'MANUAL', NULL, NULL, NULL, NULL),
('ATT-0A17F9C1', '2023M0275', 'EVT-A6BB485B', 'ABSENT', 0, 'MANUAL', NULL, NULL, NULL, NULL),
('ATT-0A22CE71', '2023M1545', 'EVT-A6BB485B', 'ABSENT', 0, 'MANUAL', NULL, NULL, NULL, NULL),
('ATT-0A6ED59E', '2023M0267', 'EVT-A6BB485B', 'ABSENT', 0, 'MANUAL', NULL, NULL, NULL, NULL),
('ATT-0AFCDEA5', '2022M0127', 'EVT-A6BB485B', 'ABSENT', 0, 'MANUAL', NULL, NULL, NULL, NULL),
('ATT-0BD8FDC1', '2022M0019', 'EVT-A6BB485B', 'ABSENT', 0, 'MANUAL', NULL, NULL, NULL, NULL),
('ATT-0BDAE99A', '2023M0813', 'EVT-A6BB485B', 'ABSENT', 0, 'MANUAL', NULL, NULL, NULL, NULL),
('ATT-0C407357', '2022M0034', 'EVT-A6BB485B', 'ABSENT', 0, 'MANUAL', NULL, NULL, NULL, NULL),
('ATT-0C42C198', '2023M1499', 'EVT-A6BB485B', 'ABSENT', 0, 'MANUAL', NULL, NULL, NULL, NULL),
('ATT-0C8C2735', '2023M1457', 'EVT-A6BB485B', 'ABSENT', 0, 'MANUAL', NULL, NULL, NULL, NULL),
('ATT-0D5425B9', '2023M0297', 'EVT-A6BB485B', 'ABSENT', 0, 'MANUAL', NULL, NULL, NULL, NULL),
('ATT-0DB59369', '2023M1496', 'EVT-A6BB485B', 'ABSENT', 0, 'MANUAL', NULL, NULL, NULL, NULL),
('ATT-0E187B84', '2022M0237', 'EVT-A6BB485B', 'ABSENT', 0, 'MANUAL', NULL, NULL, NULL, NULL),
('ATT-0E3F058A', '2023M0710', 'EVT-A6BB485B', 'ABSENT', 0, 'MANUAL', NULL, NULL, NULL, NULL),
('ATT-0E5DA02E', '2024M1095', 'EVT-A6BB485B', 'ABSENT', 0, 'MANUAL', NULL, NULL, NULL, NULL),
('ATT-0E7FD304', '2023M1451', 'EVT-A6BB485B', 'ABSENT', 0, 'MANUAL', NULL, NULL, NULL, NULL),
('ATT-0EC36240', '2023M1512', 'EVT-A6BB485B', 'ABSENT', 0, 'MANUAL', NULL, NULL, NULL, NULL),
('ATT-0EE2829F', '2022M0013', 'EVT-A6BB485B', 'ABSENT', 0, 'MANUAL', NULL, NULL, NULL, NULL),
('ATT-0F112D72', '2020M1615', 'EVT-A6BB485B', 'ABSENT', 0, 'MANUAL', NULL, NULL, NULL, NULL),
('ATT-0F2642A7', '2023M0967', 'EVT-A6BB485B', 'ABSENT', 0, 'MANUAL', NULL, NULL, NULL, NULL),
('ATT-0F2D3751', '2024M0940', 'EVT-A6BB485B', 'ABSENT', 0, 'MANUAL', NULL, NULL, NULL, NULL),
('ATT-0F5E238C', '2024M1113', 'EVT-A6BB485B', 'ABSENT', 0, 'MANUAL', NULL, NULL, NULL, NULL),
('ATT-0F790814', '2022M0056', 'EVT-A6BB485B', 'ABSENT', 0, 'MANUAL', NULL, NULL, NULL, NULL),
('ATT-0FE38B86', '2022M0030', 'EVT-A6BB485B', 'ABSENT', 0, 'MANUAL', NULL, NULL, NULL, NULL),
('ATT-10546073', '2019M1022', 'EVT-A6BB485B', 'ABSENT', 0, 'MANUAL', NULL, NULL, NULL, NULL),
('ATT-10651CE0', '2023M1433', 'EVT-A6BB485B', 'ABSENT', 0, 'MANUAL', NULL, NULL, NULL, NULL),
('ATT-1068F738', '2022M0003', 'EVT-A6BB485B', 'ABSENT', 0, 'MANUAL', NULL, NULL, NULL, NULL),
('ATT-10CC3493', '2022M0100', 'EVT-A6BB485B', 'ABSENT', 0, 'MANUAL', NULL, NULL, NULL, NULL),
('ATT-117CA170', '2023M1360', 'EVT-A6BB485B', 'ABSENT', 0, 'MANUAL', NULL, NULL, NULL, NULL),
('ATT-1189995B', '2022M0422', 'EVT-A6BB485B', 'ABSENT', 0, 'MANUAL', NULL, NULL, NULL, NULL),
('ATT-11C3129D', '2024M0915', 'EVT-A6BB485B', 'ABSENT', 0, 'MANUAL', NULL, NULL, NULL, NULL),
('ATT-11C8B07A', '2024M1092', 'EVT-A6BB485B', 'ABSENT', 0, 'MANUAL', NULL, NULL, NULL, NULL),
('ATT-11CD3693', '2023M1514', 'EVT-A6BB485B', 'ABSENT', 0, 'MANUAL', NULL, NULL, NULL, NULL),
('ATT-121DC211', '2022M0253', 'EVT-A6BB485B', 'ABSENT', 0, 'MANUAL', NULL, NULL, NULL, NULL),
('ATT-128094FA', '2022M0414', 'EVT-A6BB485B', 'ABSENT', 0, 'MANUAL', NULL, NULL, NULL, NULL),
('ATT-13A71ADD', '2023M0292', 'EVT-A6BB485B', 'ABSENT', 0, 'MANUAL', NULL, NULL, NULL, NULL),
('ATT-13E16485', '2024M1138', 'EVT-A6BB485B', 'ABSENT', 0, 'MANUAL', NULL, NULL, NULL, NULL),
('ATT-13EB9590', '2022M0025', 'EVT-A6BB485B', 'ABSENT', 0, 'MANUAL', NULL, NULL, NULL, NULL),
('ATT-140CC9C6', '2023M1509', 'EVT-A6BB485B', 'ABSENT', 0, 'MANUAL', NULL, NULL, NULL, NULL),
('ATT-14B2159B', '2023M0430', 'EVT-A6BB485B', 'ABSENT', 0, 'MANUAL', NULL, NULL, NULL, NULL),
('ATT-14B37E92', '2023M1541', 'EVT-A6BB485B', 'ABSENT', 0, 'MANUAL', NULL, NULL, NULL, NULL),
('ATT-14CCFAAE', '2024M0948', 'EVT-A6BB485B', 'ABSENT', 0, 'MANUAL', NULL, NULL, NULL, NULL),
('ATT-14E0A74B', '2023M2082', 'EVT-A6BB485B', 'ABSENT', 0, 'MANUAL', NULL, NULL, NULL, NULL),
('ATT-1501F9B4', '2023M1427', 'EVT-A6BB485B', 'ABSENT', 0, 'MANUAL', NULL, NULL, NULL, NULL),
('ATT-157DA492', '2023M0293', 'EVT-A6BB485B', 'ABSENT', 0, 'MANUAL', NULL, NULL, NULL, NULL),
('ATT-1660B674', '2023M0887', 'EVT-A6BB485B', 'ABSENT', 0, 'MANUAL', NULL, NULL, NULL, NULL),
('ATT-16A9D47B', '2023M1442', 'EVT-A6BB485B', 'ABSENT', 0, 'MANUAL', NULL, NULL, NULL, NULL),
('ATT-16F848B8', '2023M1426', 'EVT-A6BB485B', 'ABSENT', 0, 'MANUAL', NULL, NULL, NULL, NULL),
('ATT-1741BFFC', '2024M0749', 'EVT-A6BB485B', 'ABSENT', 0, 'MANUAL', NULL, NULL, NULL, NULL),
('ATT-179DC652', '2023M0757', 'EVT-A6BB485B', 'ABSENT', 0, 'MANUAL', NULL, NULL, NULL, NULL),
('ATT-17E30D25', '2023M1468', 'EVT-A6BB485B', 'ABSENT', 0, 'MANUAL', NULL, NULL, NULL, NULL),
('ATT-17F8E6F4', '2024M1552', 'EVT-A6BB485B', 'ABSENT', 0, 'MANUAL', NULL, NULL, NULL, NULL),
('ATT-182C2AB2', '2023M1052', 'EVT-A6BB485B', 'ABSENT', 0, 'MANUAL', NULL, NULL, NULL, NULL),
('ATT-185B8569', '2023M1498', 'EVT-A6BB485B', 'ABSENT', 0, 'MANUAL', NULL, NULL, NULL, NULL),
('ATT-186D22E4', '2022M0577', 'EVT-A6BB485B', 'ABSENT', 0, 'MANUAL', NULL, NULL, NULL, NULL),
('ATT-186E3D73', '2023M0474', 'EVT-A6BB485B', 'ABSENT', 0, 'MANUAL', NULL, NULL, NULL, NULL),
('ATT-188F0715', '2023M1050', 'EVT-A6BB485B', 'ABSENT', 0, 'MANUAL', NULL, NULL, NULL, NULL),
('ATT-189BC7C8', '2024M0901', 'EVT-A6BB485B', 'ABSENT', 0, 'MANUAL', NULL, NULL, NULL, NULL),
('ATT-18E86249', '2023M1489', 'EVT-A6BB485B', 'ABSENT', 0, 'MANUAL', NULL, NULL, NULL, NULL),
('ATT-197BEDDC', '2023M0726', 'EVT-A6BB485B', 'ABSENT', 0, 'MANUAL', NULL, NULL, NULL, NULL),
('ATT-1986849E', '2022M0150', 'EVT-A6BB485B', 'ABSENT', 0, 'MANUAL', NULL, NULL, NULL, NULL),
('ATT-19E0FF08', '2023M0485', 'EVT-A6BB485B', 'ABSENT', 0, 'MANUAL', NULL, NULL, NULL, NULL),
('ATT-19E8B0F9', '2022M0151', 'EVT-A6BB485B', 'ABSENT', 0, 'MANUAL', NULL, NULL, NULL, NULL),
('ATT-1A391453', '2024M0925', 'EVT-A6BB485B', 'ABSENT', 0, 'MANUAL', NULL, NULL, NULL, NULL),
('ATT-1AE830DF', '2024M0964', 'EVT-A6BB485B', 'ABSENT', 0, 'MANUAL', NULL, NULL, NULL, NULL),
('ATT-1BB5E4C6', '2022M0102', 'EVT-A6BB485B', 'ABSENT', 0, 'MANUAL', NULL, NULL, NULL, NULL),
('ATT-1BCA9BA5', '2024M0768', 'EVT-A6BB485B', 'ABSENT', 0, 'MANUAL', NULL, NULL, NULL, NULL),
('ATT-1BEF14FB', '2024M0943', 'EVT-A6BB485B', 'ABSENT', 0, 'MANUAL', NULL, NULL, NULL, NULL),
('ATT-1C464F54', '2023M0359', 'EVT-A6BB485B', 'ABSENT', 0, 'MANUAL', NULL, NULL, NULL, NULL),
('ATT-1CA796CF', '2023M1480', 'EVT-A6BB485B', 'ABSENT', 0, 'MANUAL', NULL, NULL, NULL, NULL),
('ATT-1CB69603', '2023M0884', 'EVT-A6BB485B', 'ABSENT', 0, 'MANUAL', NULL, NULL, NULL, NULL),
('ATT-1CBC5975', '2022M0047', 'EVT-A6BB485B', 'ABSENT', 0, 'MANUAL', NULL, NULL, NULL, NULL),
('ATT-1CE2E853', '2022M0419', 'EVT-A6BB485B', 'ABSENT', 0, 'MANUAL', NULL, NULL, NULL, NULL),
('ATT-1D0B0FF4', '2024M0756', 'EVT-A6BB485B', 'ABSENT', 0, 'MANUAL', NULL, NULL, NULL, NULL),
('ATT-1D324984', '2022M0574', 'EVT-A6BB485B', 'ABSENT', 0, 'MANUAL', NULL, NULL, NULL, NULL),
('ATT-1D7789DF', '2022M0241', 'EVT-A6BB485B', 'ABSENT', 0, 'MANUAL', NULL, NULL, NULL, NULL),
('ATT-1DF24A80', '2023M0273', 'EVT-A6BB485B', 'ABSENT', 0, 'MANUAL', NULL, NULL, NULL, NULL),
('ATT-1EB96E7B', '2024M1058', 'EVT-A6BB485B', 'ABSENT', 0, 'MANUAL', NULL, NULL, NULL, NULL),
('ATT-1F01AE88', '2023M1428', 'EVT-A6BB485B', 'ABSENT', 0, 'MANUAL', NULL, NULL, NULL, NULL),
('ATT-1F59183B', '2023M0758', 'EVT-A6BB485B', 'ABSENT', 0, 'MANUAL', NULL, NULL, NULL, NULL),
('ATT-1F618A37', '2023M0281', 'EVT-A6BB485B', 'ABSENT', 0, 'MANUAL', NULL, NULL, NULL, NULL),
('ATT-1F8427EB', '2023M1459', 'EVT-A6BB485B', 'ABSENT', 0, 'MANUAL', NULL, NULL, NULL, NULL),
('ATT-20139045', '2023M0743', 'EVT-A6BB485B', 'ABSENT', 0, 'MANUAL', NULL, NULL, NULL, NULL),
('ATT-20372DDF', '2023M1564', 'EVT-A6BB485B', 'ABSENT', 0, 'MANUAL', NULL, NULL, NULL, NULL),
('ATT-2041475B', '2023M1358', 'EVT-A6BB485B', 'ABSENT', 0, 'MANUAL', NULL, NULL, NULL, NULL),
('ATT-20A717CA', '2024M0935', 'EVT-A6BB485B', 'ABSENT', 0, 'MANUAL', NULL, NULL, NULL, NULL),
('ATT-21020127', '2022M0426', 'EVT-A6BB485B', 'ABSENT', 0, 'MANUAL', NULL, NULL, NULL, NULL),
('ATT-2108B8BF', '2023M0766', 'EVT-A6BB485B', 'ABSENT', 0, 'MANUAL', NULL, NULL, NULL, NULL),
('ATT-219F817B', '2023M0460', 'EVT-A6BB485B', 'ABSENT', 0, 'MANUAL', NULL, NULL, NULL, NULL),
('ATT-21E40B56', '2023M1441', 'EVT-A6BB485B', 'ABSENT', 0, 'MANUAL', NULL, NULL, NULL, NULL),
('ATT-21FD279E', '2024M0563', 'EVT-A6BB485B', 'ABSENT', 0, 'MANUAL', NULL, NULL, NULL, NULL),
('ATT-2273F342', '2022M0031', 'EVT-A6BB485B', 'ABSENT', 0, 'MANUAL', NULL, NULL, NULL, NULL),
('ATT-2278E705', '2023M0780', 'EVT-A6BB485B', 'ABSENT', 0, 'MANUAL', NULL, NULL, NULL, NULL),
('ATT-22C02FC6', '2024M0765', 'EVT-A6BB485B', 'ABSENT', 0, 'MANUAL', NULL, NULL, NULL, NULL),
('ATT-23064C72', '2022M0292', 'EVT-A6BB485B', 'ABSENT', 0, 'MANUAL', NULL, NULL, NULL, NULL),
('ATT-23A89B4C', '2023M0270', 'EVT-A6BB485B', 'ABSENT', 0, 'MANUAL', NULL, NULL, NULL, NULL),
('ATT-23B03B71', '2024M1069', 'EVT-A6BB485B', 'ABSENT', 0, 'MANUAL', NULL, NULL, NULL, NULL),
('ATT-24173F44', '2022M0276', 'EVT-A6BB485B', 'ABSENT', 0, 'MANUAL', NULL, NULL, NULL, NULL),
('ATT-24825599', '2022M0250', 'EVT-A6BB485B', 'ABSENT', 0, 'MANUAL', NULL, NULL, NULL, NULL),
('ATT-24F79E5B', '2023M1534', 'EVT-A6BB485B', 'ABSENT', 0, 'MANUAL', NULL, NULL, NULL, NULL),
('ATT-25EA967C', '2022M0582', 'EVT-A6BB485B', 'ABSENT', 0, 'MANUAL', NULL, NULL, NULL, NULL),
('ATT-262456A9', '2022M0055', 'EVT-A6BB485B', 'ABSENT', 0, 'MANUAL', NULL, NULL, NULL, NULL),
('ATT-2643712E', '2023M0373', 'EVT-A6BB485B', 'ABSENT', 0, 'MANUAL', NULL, NULL, NULL, NULL),
('ATT-2649F14A', '2022M0065', 'EVT-A6BB485B', 'ABSENT', 0, 'MANUAL', NULL, NULL, NULL, NULL),
('ATT-2669A454', '2024M1121', 'EVT-A6BB485B', 'ABSENT', 0, 'MANUAL', NULL, NULL, NULL, NULL),
('ATT-26BE0D69', '2023M0481', 'EVT-A6BB485B', 'ABSENT', 0, 'MANUAL', NULL, NULL, NULL, NULL),
('ATT-2764B337', '2023M0459', 'EVT-A6BB485B', 'ABSENT', 0, 'MANUAL', NULL, NULL, NULL, NULL),
('ATT-27FCBBC7', '2024M0903', 'EVT-A6BB485B', 'ABSENT', 0, 'MANUAL', NULL, NULL, NULL, NULL),
('ATT-28184609', '2022M0433', 'EVT-A6BB485B', 'ABSENT', 0, 'MANUAL', NULL, NULL, NULL, NULL),
('ATT-281E0294', '2023M0739', 'EVT-A6BB485B', 'ABSENT', 0, 'MANUAL', NULL, NULL, NULL, NULL),
('ATT-282FECEB', '2023M0258', 'EVT-A6BB485B', 'ABSENT', 0, 'MANUAL', NULL, NULL, NULL, NULL),
('ATT-28739AD4', '2024M1143', 'EVT-A6BB485B', 'ABSENT', 0, 'MANUAL', NULL, NULL, NULL, NULL),
('ATT-288575DD', '2024M0794', 'EVT-A6BB485B', 'ABSENT', 0, 'MANUAL', NULL, NULL, NULL, NULL),
('ATT-28B0F775', '2023M0268', 'EVT-A6BB485B', 'ABSENT', 0, 'MANUAL', NULL, NULL, NULL, NULL),
('ATT-2931BF79', '2023M0264', 'EVT-A6BB485B', 'ABSENT', 0, 'MANUAL', NULL, NULL, NULL, NULL),
('ATT-2988F45C', '2022M0283', 'EVT-A6BB485B', 'ABSENT', 0, 'MANUAL', NULL, NULL, NULL, NULL),
('ATT-29AB3ED2', '2023M1038', 'EVT-A6BB485B', 'ABSENT', 0, 'MANUAL', NULL, NULL, NULL, NULL),
('ATT-2A13EC10', '2024M0965', 'EVT-A6BB485B', 'ABSENT', 0, 'MANUAL', NULL, NULL, NULL, NULL),
('ATT-2A2616C4', '2022M0244', 'EVT-A6BB485B', 'ABSENT', 0, 'MANUAL', NULL, NULL, NULL, NULL),
('ATT-2A55869D', '2022M0048', 'EVT-A6BB485B', 'ABSENT', 0, 'MANUAL', NULL, NULL, NULL, NULL),
('ATT-2A9D0C9E', '2022M0254', 'EVT-A6BB485B', 'ABSENT', 0, 'MANUAL', NULL, NULL, NULL, NULL),
('ATT-2A9E9777', '2022M0106', 'EVT-A6BB485B', 'ABSENT', 0, 'MANUAL', NULL, NULL, NULL, NULL),
('ATT-2B459605', '2023M0445', 'EVT-A6BB485B', 'ABSENT', 0, 'MANUAL', NULL, NULL, NULL, NULL),
('ATT-2B4D3F1D', '2023M1022', 'EVT-A6BB485B', 'ABSENT', 0, 'MANUAL', NULL, NULL, NULL, NULL),
('ATT-2B7F2DCC', '2023M1497', 'EVT-A6BB485B', 'ABSENT', 0, 'MANUAL', NULL, NULL, NULL, NULL),
('ATT-2B8BA2AF', '2023M0472', 'EVT-A6BB485B', 'ABSENT', 0, 'MANUAL', NULL, NULL, NULL, NULL),
('ATT-2C324EB6', '2023M0778', 'EVT-A6BB485B', 'ABSENT', 0, 'MANUAL', NULL, NULL, NULL, NULL),
('ATT-2C50CB31', '2023M1548', 'EVT-A6BB485B', 'ABSENT', 0, 'MANUAL', NULL, NULL, NULL, NULL),
('ATT-2C6D73AA', '2024M0967', 'EVT-A6BB485B', 'ABSENT', 0, 'MANUAL', NULL, NULL, NULL, NULL),
('ATT-2C886D60', '2024M1211', 'EVT-A6BB485B', 'ABSENT', 0, 'MANUAL', NULL, NULL, NULL, NULL),
('ATT-2D063D71', '2022M0287', 'EVT-A6BB485B', 'ABSENT', 0, 'MANUAL', NULL, NULL, NULL, NULL),
('ATT-2D1D7689', '2023M0722', 'EVT-A6BB485B', 'ABSENT', 0, 'MANUAL', NULL, NULL, NULL, NULL),
('ATT-2DDDAD3B', '2023M0449', 'EVT-A6BB485B', 'ABSENT', 0, 'MANUAL', NULL, NULL, NULL, NULL),
('ATT-2DE4CBCA', '2024M0958', 'EVT-A6BB485B', 'ABSENT', 0, 'MANUAL', NULL, NULL, NULL, NULL),
('ATT-2E866489', '2023M1273', 'EVT-A6BB485B', 'ABSENT', 0, 'MANUAL', NULL, NULL, NULL, NULL),
('ATT-2E8FD110', '2023M1506', 'EVT-A6BB485B', 'ABSENT', 0, 'MANUAL', NULL, NULL, NULL, NULL),
('ATT-2E90EB3E', '2023M0451', 'EVT-A6BB485B', 'ABSENT', 0, 'MANUAL', NULL, NULL, NULL, NULL),
('ATT-2EA8ED46', '2023M1479', 'EVT-A6BB485B', 'ABSENT', 0, 'MANUAL', NULL, NULL, NULL, NULL),
('ATT-2EE4A735', '2024M0951', 'EVT-A6BB485B', 'ABSENT', 0, 'MANUAL', NULL, NULL, NULL, NULL),
('ATT-2EED7706', '2023M1432', 'EVT-A6BB485B', 'ABSENT', 0, 'MANUAL', NULL, NULL, NULL, NULL),
('ATT-2FB08EDF', '2022M0192', 'EVT-A6BB485B', 'ABSENT', 0, 'MANUAL', NULL, NULL, NULL, NULL),
('ATT-309D1E36', '2024M0973', 'EVT-A6BB485B', 'ABSENT', 0, 'MANUAL', NULL, NULL, NULL, NULL),
('ATT-30B00F41', '2023M0433', 'EVT-A6BB485B', 'ABSENT', 0, 'MANUAL', NULL, NULL, NULL, NULL),
('ATT-30B89A9D', '2023M1554', 'EVT-A6BB485B', 'ABSENT', 0, 'MANUAL', NULL, NULL, NULL, NULL),
('ATT-30B8E6CE', '2023M0750', 'EVT-A6BB485B', 'ABSENT', 0, 'MANUAL', NULL, NULL, NULL, NULL),
('ATT-310ADEB2', '2024M1140', 'EVT-A6BB485B', 'ABSENT', 0, 'MANUAL', NULL, NULL, NULL, NULL),
('ATT-327AE7CF', '2024M0779', 'EVT-A6BB485B', 'ABSENT', 0, 'MANUAL', NULL, NULL, NULL, NULL),
('ATT-32C7B771', '2023M1272', 'EVT-A6BB485B', 'ABSENT', 0, 'MANUAL', NULL, NULL, NULL, NULL),
('ATT-32C9D022', '2023M1274', 'EVT-A6BB485B', 'ABSENT', 0, 'MANUAL', NULL, NULL, NULL, NULL),
('ATT-32EDFBC4', '2023M1470', 'EVT-A6BB485B', 'ABSENT', 0, 'MANUAL', NULL, NULL, NULL, NULL),
('ATT-332637CF', '2023M1472', 'EVT-A6BB485B', 'ABSENT', 0, 'MANUAL', NULL, NULL, NULL, NULL),
('ATT-3466FE95', '2024M1106', 'EVT-A6BB485B', 'ABSENT', 0, 'MANUAL', NULL, NULL, NULL, NULL),
('ATT-34970E4B', '2022M0285', 'EVT-A6BB485B', 'ABSENT', 0, 'MANUAL', NULL, NULL, NULL, NULL),
('ATT-34C5FABC', '2022M0260', 'EVT-A6BB485B', 'ABSENT', 0, 'MANUAL', NULL, NULL, NULL, NULL),
('ATT-34CF0F86', '2023M0249', 'EVT-A6BB485B', 'ABSENT', 0, 'MANUAL', NULL, NULL, NULL, NULL),
('ATT-359886CE', '2024M1107', 'EVT-A6BB485B', 'ABSENT', 0, 'MANUAL', NULL, NULL, NULL, NULL),
('ATT-35AF9DAC', '2023M0773', 'EVT-A6BB485B', 'ABSENT', 0, 'MANUAL', NULL, NULL, NULL, NULL),
('ATT-3607FD2E', '2024M01034', 'EVT-A6BB485B', 'ABSENT', 0, 'MANUAL', NULL, NULL, NULL, NULL),
('ATT-3719C53D', '2023M1485', 'EVT-A6BB485B', 'ABSENT', 0, 'MANUAL', NULL, NULL, NULL, NULL),
('ATT-3729C077', '2023M0263', 'EVT-A6BB485B', 'ABSENT', 0, 'MANUAL', NULL, NULL, NULL, NULL),
('ATT-373A0D50', '2023M0431', 'EVT-A6BB485B', 'ABSENT', 0, 'MANUAL', NULL, NULL, NULL, NULL),
('ATT-374BE5DA', '2024M1071', 'EVT-A6BB485B', 'ABSENT', 0, 'MANUAL', NULL, NULL, NULL, NULL),
('ATT-374FB3C7', '2022M0251', 'EVT-A6BB485B', 'ABSENT', 0, 'MANUAL', NULL, NULL, NULL, NULL),
('ATT-37A1A461', '2023M0442', 'EVT-A6BB485B', 'ABSENT', 0, 'MANUAL', NULL, NULL, NULL, NULL),
('ATT-37F84B23', '2022M0148', 'EVT-A6BB485B', 'ABSENT', 0, 'MANUAL', NULL, NULL, NULL, NULL),
('ATT-380900D1', '2024M1114', 'EVT-A6BB485B', 'ABSENT', 0, 'MANUAL', NULL, NULL, NULL, NULL),
('ATT-383CBDED', '2024M1141', 'EVT-A6BB485B', 'ABSENT', 0, 'MANUAL', NULL, NULL, NULL, NULL),
('ATT-389F307C', '2023M1484', 'EVT-A6BB485B', 'ABSENT', 0, 'MANUAL', NULL, NULL, NULL, NULL),
('ATT-38A744C0', '2023M1515', 'EVT-A6BB485B', 'ABSENT', 0, 'MANUAL', NULL, NULL, NULL, NULL),
('ATT-38C0A457', '2017-0043-HS', 'EVT-A6BB485B', 'LATE', 0, 'RFID', '2025-12-12 16:47:34', NULL, 'AM', 'TIME_IN'),
('ATT-38E70626', '2022M0004', 'EVT-A6BB485B', 'ABSENT', 0, 'MANUAL', NULL, NULL, NULL, NULL),
('ATT-3965D120', '2023M0289', 'EVT-A6BB485B', 'ABSENT', 0, 'MANUAL', NULL, NULL, NULL, NULL),
('ATT-39B063B1', '2023M0883', 'EVT-A6BB485B', 'ABSENT', 0, 'MANUAL', NULL, NULL, NULL, NULL),
('ATT-3ACD56AC', '2024M0955', 'EVT-A6BB485B', 'ABSENT', 0, 'MANUAL', NULL, NULL, NULL, NULL),
('ATT-3B4C34C0', '2024M0907', 'EVT-A6BB485B', 'ABSENT', 0, 'MANUAL', NULL, NULL, NULL, NULL),
('ATT-3B868444', '2023M0478', 'EVT-A6BB485B', 'ABSENT', 0, 'MANUAL', NULL, NULL, NULL, NULL),
('ATT-3CB46ABA', '2024M1085', 'EVT-A6BB485B', 'ABSENT', 0, 'MANUAL', NULL, NULL, NULL, NULL),
('ATT-3CD270F2', '2023M0454', 'EVT-A6BB485B', 'ABSENT', 0, 'MANUAL', NULL, NULL, NULL, NULL),
('ATT-3D5B5396', '2023M1520', 'EVT-A6BB485B', 'ABSENT', 0, 'MANUAL', NULL, NULL, NULL, NULL),
('ATT-3D7CD715', '2024M0902', 'EVT-A6BB485B', 'ABSENT', 0, 'MANUAL', NULL, NULL, NULL, NULL),
('ATT-3E2C31CC', '2020M0492', 'EVT-A6BB485B', 'LATE', 21, 'RFID', '2025-12-12 17:08:04', '2025-12-12 17:08:07', 'AM', 'TIME_IN'),
('ATT-3E544BF2', '2023M0878', 'EVT-A6BB485B', 'ABSENT', 0, 'MANUAL', NULL, NULL, NULL, NULL),
('ATT-3EA87344', '2024M1070', 'EVT-A6BB485B', 'ABSENT', 0, 'MANUAL', NULL, NULL, NULL, NULL),
('ATT-3EE758A1', '2023M0436', 'EVT-A6BB485B', 'ABSENT', 0, 'MANUAL', NULL, NULL, NULL, NULL),
('ATT-3F43EA8D', '2023M0276', 'EVT-A6BB485B', 'ABSENT', 0, 'MANUAL', NULL, NULL, NULL, NULL),
('ATT-3FB6F14C', '2023M0770', 'EVT-A6BB485B', 'ABSENT', 0, 'MANUAL', NULL, NULL, NULL, NULL),
('ATT-40B46673', '2022M0058', 'EVT-A6BB485B', 'ABSENT', 0, 'MANUAL', NULL, NULL, NULL, NULL),
('ATT-41BE66C4', '2022M0279', 'EVT-A6BB485B', 'ABSENT', 0, 'MANUAL', NULL, NULL, NULL, NULL),
('ATT-424DEB87', '2022M0035', 'EVT-A6BB485B', 'ABSENT', 0, 'MANUAL', NULL, NULL, NULL, NULL),
('ATT-42610223', '2023M1531', 'EVT-A6BB485B', 'ABSENT', 0, 'MANUAL', NULL, NULL, NULL, NULL),
('ATT-427B5190', '2024M1059', 'EVT-A6BB485B', 'ABSENT', 0, 'MANUAL', NULL, NULL, NULL, NULL),
('ATT-430B6E29', '2023M0775', 'EVT-A6BB485B', 'ABSENT', 0, 'MANUAL', NULL, NULL, NULL, NULL),
('ATT-437F723F', '2024M0922', 'EVT-A6BB485B', 'ABSENT', 0, 'MANUAL', NULL, NULL, NULL, NULL),
('ATT-43A0A41F', '2023M1481', 'EVT-A6BB485B', 'ABSENT', 0, 'MANUAL', NULL, NULL, NULL, NULL),
('ATT-43A178E3', '2023M0707', 'EVT-A6BB485B', 'ABSENT', 0, 'MANUAL', NULL, NULL, NULL, NULL),
('ATT-44780545', '2024M0785', 'EVT-A6BB485B', 'ABSENT', 0, 'MANUAL', NULL, NULL, NULL, NULL),
('ATT-4520D0C3', '2022M0275', 'EVT-A6BB485B', 'ABSENT', 0, 'MANUAL', NULL, NULL, NULL, NULL),
('ATT-46029F1E', '2024M1111', 'EVT-A6BB485B', 'ABSENT', 0, 'MANUAL', NULL, NULL, NULL, NULL),
('ATT-46188F3F', '2023M0727', 'EVT-A6BB485B', 'ABSENT', 0, 'MANUAL', NULL, NULL, NULL, NULL),
('ATT-46695172', '2023M1540', 'EVT-A6BB485B', 'ABSENT', 0, 'MANUAL', NULL, NULL, NULL, NULL),
('ATT-4676C3DC', '2024M0746', 'EVT-A6BB485B', 'ABSENT', 0, 'MANUAL', NULL, NULL, NULL, NULL),
('ATT-4714CBEB', '2023M1536', 'EVT-A6BB485B', 'ABSENT', 0, 'MANUAL', NULL, NULL, NULL, NULL),
('ATT-475588D3', '2023M1450', 'EVT-A6BB485B', 'ABSENT', 0, 'MANUAL', NULL, NULL, NULL, NULL),
('ATT-47ACCBB8', '2024M0939', 'EVT-A6BB485B', 'ABSENT', 0, 'MANUAL', NULL, NULL, NULL, NULL),
('ATT-482CDC44', '2023M1568', 'EVT-A6BB485B', 'ABSENT', 0, 'MANUAL', NULL, NULL, NULL, NULL),
('ATT-4943AE34', '2023M1021', 'EVT-A6BB485B', 'ABSENT', 0, 'MANUAL', NULL, NULL, NULL, NULL),
('ATT-49A3E315', '2024M0747', 'EVT-A6BB485B', 'ABSENT', 0, 'MANUAL', NULL, NULL, NULL, NULL),
('ATT-49EDF504', '2024M1060', 'EVT-A6BB485B', 'ABSENT', 0, 'MANUAL', NULL, NULL, NULL, NULL),
('ATT-49FC963C', '2018M1062', 'EVT-A6BB485B', 'ABSENT', 0, 'MANUAL', NULL, NULL, NULL, NULL),
('ATT-4A6C5329', '2022M0138', 'EVT-A6BB485B', 'ABSENT', 0, 'MANUAL', NULL, NULL, NULL, NULL),
('ATT-4AA5F580', '2022M0575', 'EVT-A6BB485B', 'ABSENT', 0, 'MANUAL', NULL, NULL, NULL, NULL),
('ATT-4B15067E', '2023M1051', 'EVT-A6BB485B', 'ABSENT', 0, 'MANUAL', NULL, NULL, NULL, NULL),
('ATT-4B529DEB', '2024M1548', 'EVT-A6BB485B', 'ABSENT', 0, 'MANUAL', NULL, NULL, NULL, NULL),
('ATT-4B57E18A', '2023M0441', 'EVT-A6BB485B', 'ABSENT', 0, 'MANUAL', NULL, NULL, NULL, NULL),
('ATT-4BB998E2', '2024M1104', 'EVT-A6BB485B', 'ABSENT', 0, 'MANUAL', NULL, NULL, NULL, NULL),
('ATT-4BD9BA32', '2023M0259', 'EVT-A6BB485B', 'ABSENT', 0, 'MANUAL', NULL, NULL, NULL, NULL),
('ATT-4BDDA150', '2023M1539', 'EVT-A6BB485B', 'ABSENT', 0, 'MANUAL', NULL, NULL, NULL, NULL),
('ATT-4BFF20E8', '2024M0906', 'EVT-A6BB485B', 'ABSENT', 0, 'MANUAL', NULL, NULL, NULL, NULL),
('ATT-4C00EC45', '2023M1538', 'EVT-A6BB485B', 'ABSENT', 0, 'MANUAL', NULL, NULL, NULL, NULL),
('ATT-4C6A5FC7', '2023M0777', 'EVT-A6BB485B', 'ABSENT', 0, 'MANUAL', NULL, NULL, NULL, NULL),
('ATT-4C8F00C5', '2022M0020', 'EVT-A6BB485B', 'ABSENT', 0, 'MANUAL', NULL, NULL, NULL, NULL),
('ATT-4C8F0CA3', '2023M0742', 'EVT-A6BB485B', 'ABSENT', 0, 'MANUAL', NULL, NULL, NULL, NULL),
('ATT-4CA50058', '2024M0923', 'EVT-A6BB485B', 'ABSENT', 0, 'MANUAL', NULL, NULL, NULL, NULL),
('ATT-4CB7B1CC', '2023M0471', 'EVT-A6BB485B', 'ABSENT', 0, 'MANUAL', NULL, NULL, NULL, NULL),
('ATT-4D1B5472', '2023M0917', 'EVT-A6BB485B', 'ABSENT', 0, 'MANUAL', NULL, NULL, NULL, NULL),
('ATT-4D57E451', '2023M1555', 'EVT-A6BB485B', 'ABSENT', 0, 'MANUAL', NULL, NULL, NULL, NULL),
('ATT-4DD2CA84', '2022M0032', 'EVT-A6BB485B', 'ABSENT', 0, 'MANUAL', NULL, NULL, NULL, NULL),
('ATT-4ED5767F', '2023M1473', 'EVT-A6BB485B', 'ABSENT', 0, 'MANUAL', NULL, NULL, NULL, NULL),
('ATT-4F0E3801', '2021M1751', 'EVT-A6BB485B', 'ABSENT', 0, 'MANUAL', NULL, NULL, NULL, NULL),
('ATT-4F32F49B', '2024M1115', 'EVT-A6BB485B', 'ABSENT', 0, 'MANUAL', NULL, NULL, NULL, NULL),
('ATT-5027EE9B', '2023M0265', 'EVT-A6BB485B', 'ABSENT', 0, 'MANUAL', NULL, NULL, NULL, NULL),
('ATT-5044C022', '2024M0934', 'EVT-A6BB485B', 'ABSENT', 0, 'MANUAL', NULL, NULL, NULL, NULL),
('ATT-50960578', '2023M1028', 'EVT-A6BB485B', 'ABSENT', 0, 'MANUAL', NULL, NULL, NULL, NULL),
('ATT-50D7DC6B', '2022M0015', 'EVT-A6BB485B', 'ABSENT', 0, 'MANUAL', NULL, NULL, NULL, NULL),
('ATT-50F49DC7', '2023M0479', 'EVT-A6BB485B', 'ABSENT', 0, 'MANUAL', NULL, NULL, NULL, NULL),
('ATT-512FE818', '2024M0924', 'EVT-A6BB485B', 'ABSENT', 0, 'MANUAL', NULL, NULL, NULL, NULL),
('ATT-51437F5F', '2023M0483', 'EVT-A6BB485B', 'ABSENT', 0, 'MANUAL', NULL, NULL, NULL, NULL),
('ATT-516B23DA', '2023M1544', 'EVT-A6BB485B', 'ABSENT', 0, 'MANUAL', NULL, NULL, NULL, NULL),
('ATT-51D857B9', '2024M1202', 'EVT-A6BB485B', 'ABSENT', 0, 'MANUAL', NULL, NULL, NULL, NULL),
('ATT-521E289C', '2023M1465', 'EVT-A6BB485B', 'ABSENT', 0, 'MANUAL', NULL, NULL, NULL, NULL),
('ATT-52C832E3', '2023M0744', 'EVT-A6BB485B', 'ABSENT', 0, 'MANUAL', NULL, NULL, NULL, NULL),
('ATT-536EED2A', '2023M1453', 'EVT-A6BB485B', 'ABSENT', 0, 'MANUAL', NULL, NULL, NULL, NULL),
('ATT-5375E88A', '2023M0768', 'EVT-A6BB485B', 'ABSENT', 0, 'MANUAL', NULL, NULL, NULL, NULL),
('ATT-53976141', '2023M0463', 'EVT-A6BB485B', 'ABSENT', 0, 'MANUAL', NULL, NULL, NULL, NULL),
('ATT-54F6FDA5', '2023M0282', 'EVT-A6BB485B', 'ABSENT', 0, 'MANUAL', NULL, NULL, NULL, NULL),
('ATT-555C1B24', '2023M1567', 'EVT-A6BB485B', 'ABSENT', 0, 'MANUAL', NULL, NULL, NULL, NULL),
('ATT-559F604E', '2023M0428', 'EVT-A6BB485B', 'ABSENT', 0, 'MANUAL', NULL, NULL, NULL, NULL),
('ATT-55BAD4C0', '2023M0252', 'EVT-A6BB485B', 'ABSENT', 0, 'MANUAL', NULL, NULL, NULL, NULL),
('ATT-55E9B3EA', '2022M0193', 'EVT-A6BB485B', 'ABSENT', 0, 'MANUAL', NULL, NULL, NULL, NULL),
('ATT-562EC2F0', '2022M0021', 'EVT-A6BB485B', 'ABSENT', 0, 'MANUAL', NULL, NULL, NULL, NULL),
('ATT-56CA4D1F', '2024M0966', 'EVT-A6BB485B', 'ABSENT', 0, 'MANUAL', NULL, NULL, NULL, NULL),
('ATT-572D101C', '2023M1492', 'EVT-A6BB485B', 'ABSENT', 0, 'MANUAL', NULL, NULL, NULL, NULL),
('ATT-573DF2EE', '2023M0455', 'EVT-A6BB485B', 'ABSENT', 0, 'MANUAL', NULL, NULL, NULL, NULL),
('ATT-581824C8', '2023M0464', 'EVT-A6BB485B', 'ABSENT', 0, 'MANUAL', NULL, NULL, NULL, NULL),
('ATT-581EC38F', '2024M0758', 'EVT-A6BB485B', 'ABSENT', 0, 'MANUAL', NULL, NULL, NULL, NULL),
('ATT-588265AD', '2024M1200', 'EVT-A6BB485B', 'ABSENT', 0, 'MANUAL', NULL, NULL, NULL, NULL),
('ATT-5894139B', '2023M0760', 'EVT-A6BB485B', 'ABSENT', 0, 'MANUAL', NULL, NULL, NULL, NULL),
('ATT-5990684C', '2023M0376', 'EVT-A6BB485B', 'ABSENT', 0, 'MANUAL', NULL, NULL, NULL, NULL),
('ATT-5A3409CD', '2024M1210', 'EVT-A6BB485B', 'ABSENT', 0, 'MANUAL', NULL, NULL, NULL, NULL),
('ATT-5A54CDDC', '2023M1562', 'EVT-A6BB485B', 'ABSENT', 0, 'MANUAL', NULL, NULL, NULL, NULL),
('ATT-5A61A4C6', '2023M1493', 'EVT-A6BB485B', 'ABSENT', 0, 'MANUAL', NULL, NULL, NULL, NULL),
('ATT-5A77135D', '2024M0751', 'EVT-A6BB485B', 'ABSENT', 0, 'MANUAL', NULL, NULL, NULL, NULL),
('ATT-5AAD9497', '2023M0880', 'EVT-A6BB485B', 'ABSENT', 0, 'MANUAL', NULL, NULL, NULL, NULL),
('ATT-5AD7B1E4', '2023M1559', 'EVT-A6BB485B', 'ABSENT', 0, 'MANUAL', NULL, NULL, NULL, NULL),
('ATT-5B28597C', '2023M1848', 'EVT-A6BB485B', 'ABSENT', 0, 'MANUAL', NULL, NULL, NULL, NULL),
('ATT-5B28CECD', '2023M0721', 'EVT-A6BB485B', 'ABSENT', 0, 'MANUAL', NULL, NULL, NULL, NULL),
('ATT-5B2AFB94', '2022M0026', 'EVT-A6BB485B', 'ABSENT', 0, 'MANUAL', NULL, NULL, NULL, NULL),
('ATT-5B2E058A', '2023M1533', 'EVT-A6BB485B', 'ABSENT', 0, 'MANUAL', NULL, NULL, NULL, NULL),
('ATT-5B373E10', '2022M0014', 'EVT-A6BB485B', 'ABSENT', 0, 'MANUAL', NULL, NULL, NULL, NULL),
('ATT-5BCFA292', '2022M0022', 'EVT-A6BB485B', 'ABSENT', 0, 'MANUAL', NULL, NULL, NULL, NULL),
('ATT-5C39BEF1', '2022M0256', 'EVT-A6BB485B', 'ABSENT', 0, 'MANUAL', NULL, NULL, NULL, NULL),
('ATT-5C745711', '2024M0564', 'EVT-A6BB485B', 'ABSENT', 0, 'MANUAL', NULL, NULL, NULL, NULL),
('ATT-5C7E1847', '2023M1429', 'EVT-A6BB485B', 'ABSENT', 0, 'MANUAL', NULL, NULL, NULL, NULL),
('ATT-5CB78FB7', '2022M0064', 'EVT-A6BB485B', 'ABSENT', 0, 'MANUAL', NULL, NULL, NULL, NULL),
('ATT-5CBEA8A4', '2022M1465', 'EVT-A6BB485B', 'ABSENT', 0, 'MANUAL', NULL, NULL, NULL, NULL),
('ATT-5CC30174', '2023M0368', 'EVT-A6BB485B', 'ABSENT', 0, 'MANUAL', NULL, NULL, NULL, NULL),
('ATT-5D8BC664', '2023M0277', 'EVT-A6BB485B', 'ABSENT', 0, 'MANUAL', NULL, NULL, NULL, NULL),
('ATT-5E618A3D', '2023M1033', 'EVT-A6BB485B', 'ABSENT', 0, 'MANUAL', NULL, NULL, NULL, NULL),
('ATT-5E6C84E7', '2023M0759', 'EVT-A6BB485B', 'ABSENT', 0, 'MANUAL', NULL, NULL, NULL, NULL),
('ATT-5E92E743', '2023M1495', 'EVT-A6BB485B', 'ABSENT', 0, 'MANUAL', NULL, NULL, NULL, NULL),
('ATT-5F3F5566', '2022M0094', 'EVT-A6BB485B', 'ABSENT', 0, 'MANUAL', NULL, NULL, NULL, NULL),
('ATT-5F9FADFA', '2024M1212', 'EVT-A6BB485B', 'ABSENT', 0, 'MANUAL', NULL, NULL, NULL, NULL),
('ATT-5FC61F63', '2023M1543', 'EVT-A6BB485B', 'ABSENT', 0, 'MANUAL', NULL, NULL, NULL, NULL),
('ATT-60733D3B', '2023M0885', 'EVT-A6BB485B', 'ABSENT', 0, 'MANUAL', NULL, NULL, NULL, NULL),
('ATT-6089BB0A', '2023M0748', 'EVT-A6BB485B', 'ABSENT', 0, 'MANUAL', NULL, NULL, NULL, NULL),
('ATT-60A06740', '2024M0787', 'EVT-A6BB485B', 'ABSENT', 0, 'MANUAL', NULL, NULL, NULL, NULL),
('ATT-60A523EC', '2023M0776', 'EVT-A6BB485B', 'ABSENT', 0, 'MANUAL', NULL, NULL, NULL, NULL),
('ATT-61569D14', '2024M0908', 'EVT-A6BB485B', 'ABSENT', 0, 'MANUAL', NULL, NULL, NULL, NULL),
('ATT-616EFEBA', '2023M0703', 'EVT-A6BB485B', 'ABSENT', 0, 'MANUAL', NULL, NULL, NULL, NULL),
('ATT-619420F6', '2024M0899', 'EVT-A6BB485B', 'ABSENT', 0, 'MANUAL', NULL, NULL, NULL, NULL),
('ATT-61A3E808', '2024M0952', 'EVT-A6BB485B', 'ABSENT', 0, 'MANUAL', NULL, NULL, NULL, NULL),
('ATT-61A5C0A6', '2022M0045', 'EVT-A6BB485B', 'ABSENT', 0, 'MANUAL', NULL, NULL, NULL, NULL),
('ATT-61B61A81', '2023M1020', 'EVT-A6BB485B', 'ABSENT', 0, 'MANUAL', NULL, NULL, NULL, NULL),
('ATT-61DF7F90', '2022M0243', 'EVT-A6BB485B', 'ABSENT', 0, 'MANUAL', NULL, NULL, NULL, NULL),
('ATT-6285D3C0', '2024M1105', 'EVT-A6BB485B', 'ABSENT', 0, 'MANUAL', NULL, NULL, NULL, NULL),
('ATT-62873D3E', '2023M0444', 'EVT-A6BB485B', 'ABSENT', 0, 'MANUAL', NULL, NULL, NULL, NULL),
('ATT-62AB2311', '2024M0921', 'EVT-A6BB485B', 'ABSENT', 0, 'MANUAL', NULL, NULL, NULL, NULL),
('ATT-63E2FDAD', '2024M0753', 'EVT-A6BB485B', 'ABSENT', 0, 'MANUAL', NULL, NULL, NULL, NULL),
('ATT-643CEF44', '2023M0765', 'EVT-A6BB485B', 'ABSENT', 0, 'MANUAL', NULL, NULL, NULL, NULL),
('ATT-643DFAE7', '2023M0709', 'EVT-A6BB485B', 'ABSENT', 0, 'MANUAL', NULL, NULL, NULL, NULL),
('ATT-6519135A', '2022M0282', 'EVT-A6BB485B', 'ABSENT', 0, 'MANUAL', NULL, NULL, NULL, NULL),
('ATT-656C3A15', '2022M0295', 'EVT-A6BB485B', 'ABSENT', 0, 'MANUAL', NULL, NULL, NULL, NULL),
('ATT-65DFC182', '2023M1549', 'EVT-A6BB485B', 'ABSENT', 0, 'MANUAL', NULL, NULL, NULL, NULL),
('ATT-661C1366', '2024M0776', 'EVT-A6BB485B', 'ABSENT', 0, 'MANUAL', NULL, NULL, NULL, NULL),
('ATT-6636C5CD', '2024M0757', 'EVT-A6BB485B', 'ABSENT', 0, 'MANUAL', NULL, NULL, NULL, NULL),
('ATT-66DE4244', '2023M0262', 'EVT-A6BB485B', 'ABSENT', 0, 'MANUAL', NULL, NULL, NULL, NULL),
('ATT-66E811ED', '2022M0143', 'EVT-A6BB485B', 'ABSENT', 0, 'MANUAL', NULL, NULL, NULL, NULL),
('ATT-686FF9ED', '2022M0068', 'EVT-A6BB485B', 'ABSENT', 0, 'MANUAL', NULL, NULL, NULL, NULL),
('ATT-68762ADF', '2024M0957', 'EVT-A6BB485B', 'ABSENT', 0, 'MANUAL', NULL, NULL, NULL, NULL),
('ATT-68D2EE43', '2022M0423', 'EVT-A6BB485B', 'ABSENT', 0, 'MANUAL', NULL, NULL, NULL, NULL),
('ATT-68E59ED4', '2023M0374', 'EVT-A6BB485B', 'ABSENT', 0, 'MANUAL', NULL, NULL, NULL, NULL),
('ATT-691EF9B6', '2023M0475', 'EVT-A6BB485B', 'ABSENT', 0, 'MANUAL', NULL, NULL, NULL, NULL),
('ATT-6924064D', '2023M1503', 'EVT-A6BB485B', 'ABSENT', 0, 'MANUAL', NULL, NULL, NULL, NULL),
('ATT-6986DC17', '2023M0490', 'EVT-A6BB485B', 'ABSENT', 0, 'MANUAL', NULL, NULL, NULL, NULL),
('ATT-69E8F845', '2023M1447', 'EVT-A6BB485B', 'ABSENT', 0, 'MANUAL', NULL, NULL, NULL, NULL),
('ATT-6A641B20', '2022M0125', 'EVT-A6BB485B', 'ABSENT', 0, 'MANUAL', NULL, NULL, NULL, NULL),
('ATT-6A652FA9', '2024M1053', 'EVT-A6BB485B', 'ABSENT', 0, 'MANUAL', NULL, NULL, NULL, NULL),
('ATT-6B197DFF', '2022M0129', 'EVT-A6BB485B', 'ABSENT', 0, 'MANUAL', NULL, NULL, NULL, NULL),
('ATT-6B412462', '2024M0919', 'EVT-A6BB485B', 'ABSENT', 0, 'MANUAL', NULL, NULL, NULL, NULL),
('ATT-6B8807F9', '2024M1134', 'EVT-A6BB485B', 'ABSENT', 0, 'MANUAL', NULL, NULL, NULL, NULL),
('ATT-6BCB30F0', '2024M1098', 'EVT-A6BB485B', 'ABSENT', 0, 'MANUAL', NULL, NULL, NULL, NULL),
('ATT-6BD92393', '2022M0191', 'EVT-A6BB485B', 'ABSENT', 0, 'MANUAL', NULL, NULL, NULL, NULL),
('ATT-6C0FD618', '2023M1037', 'EVT-A6BB485B', 'ABSENT', 0, 'MANUAL', NULL, NULL, NULL, NULL),
('ATT-6C4F3273', '2022M0008', 'EVT-A6BB485B', 'ABSENT', 0, 'MANUAL', NULL, NULL, NULL, NULL),
('ATT-6C7FB6C5', '2018-0050-HS', 'EVT-A6BB485B', 'ABSENT', 0, 'MANUAL', NULL, NULL, NULL, NULL),
('ATT-6C963057', '2023M1042', 'EVT-A6BB485B', 'ABSENT', 0, 'MANUAL', NULL, NULL, NULL, NULL),
('ATT-6CB90F83', '2024M0788', 'EVT-A6BB485B', 'ABSENT', 0, 'MANUAL', NULL, NULL, NULL, NULL),
('ATT-6CCB2554', '2024M0945', 'EVT-A6BB485B', 'ABSENT', 0, 'MANUAL', NULL, NULL, NULL, NULL),
('ATT-6D0A1701', '2023M0888', 'EVT-A6BB485B', 'ABSENT', 0, 'MANUAL', NULL, NULL, NULL, NULL),
('ATT-6D260F6F', '2022M0576', 'EVT-A6BB485B', 'ABSENT', 0, 'MANUAL', NULL, NULL, NULL, NULL),
('ATT-6D26C93B', '2024M1215', 'EVT-A6BB485B', 'ABSENT', 0, 'MANUAL', NULL, NULL, NULL, NULL),
('ATT-6D3D7C33', '2022M0584', 'EVT-A6BB485B', 'ABSENT', 0, 'MANUAL', NULL, NULL, NULL, NULL),
('ATT-6D8997FF', '2024M1094', 'EVT-A6BB485B', 'ABSENT', 0, 'MANUAL', NULL, NULL, NULL, NULL),
('ATT-6DC678B1', '2024M1054', 'EVT-A6BB485B', 'ABSENT', 0, 'MANUAL', NULL, NULL, NULL, NULL),
('ATT-6E1033BA', '2024M0783', 'EVT-A6BB485B', 'ABSENT', 0, 'MANUAL', NULL, NULL, NULL, NULL),
('ATT-6ED8F4A3', '2023M0278', 'EVT-A6BB485B', 'ABSENT', 0, 'MANUAL', NULL, NULL, NULL, NULL),
('ATT-6EFCE7A0', '2024M1087', 'EVT-A6BB485B', 'ABSENT', 0, 'MANUAL', NULL, NULL, NULL, NULL),
('ATT-6F110E3B', '2023M0255', 'EVT-A6BB485B', 'ABSENT', 0, 'MANUAL', NULL, NULL, NULL, NULL),
('ATT-6F459EC6', '2022M0258', 'EVT-A6BB485B', 'ABSENT', 0, 'MANUAL', NULL, NULL, NULL, NULL),
('ATT-6F6194DC', '2024M01036', 'EVT-A6BB485B', 'ABSENT', 0, 'MANUAL', NULL, NULL, NULL, NULL),
('ATT-700D9749', '2023M0756', 'EVT-A6BB485B', 'ABSENT', 0, 'MANUAL', NULL, NULL, NULL, NULL),
('ATT-70C92C9B', '2024M1584', 'EVT-A6BB485B', 'ABSENT', 0, 'MANUAL', NULL, NULL, NULL, NULL),
('ATT-712EB2E4', '2023M0286', 'EVT-A6BB485B', 'ABSENT', 0, 'MANUAL', NULL, NULL, NULL, NULL),
('ATT-712F307E', '2023M0312', 'EVT-A6BB485B', 'ABSENT', 0, 'MANUAL', NULL, NULL, NULL, NULL),
('ATT-7138CE9F', '2024M1067', 'EVT-A6BB485B', 'ABSENT', 0, 'MANUAL', NULL, NULL, NULL, NULL),
('ATT-71D62669', '2024M0778', 'EVT-A6BB485B', 'ABSENT', 0, 'MANUAL', NULL, NULL, NULL, NULL),
('ATT-721011E5', '2024M0909', 'EVT-A6BB485B', 'ABSENT', 0, 'MANUAL', NULL, NULL, NULL, NULL),
('ATT-727E186A', '2023M0288', 'EVT-A6BB485B', 'ABSENT', 0, 'MANUAL', NULL, NULL, NULL, NULL),
('ATT-7287855C', '2024M01035', 'EVT-A6BB485B', 'ABSENT', 0, 'MANUAL', NULL, NULL, NULL, NULL),
('ATT-72A19BB2', '2023M0704', 'EVT-A6BB485B', 'ABSENT', 0, 'MANUAL', NULL, NULL, NULL, NULL),
('ATT-72C6E128', '2023M1019', 'EVT-A6BB485B', 'ABSENT', 0, 'MANUAL', NULL, NULL, NULL, NULL),
('ATT-72F55532', '2022M0142', 'EVT-A6BB485B', 'ABSENT', 0, 'MANUAL', NULL, NULL, NULL, NULL),
('ATT-72FD9307', '2017-0043-HS', 'EVT-7E1BEDA7', 'LATE', 1321, 'RFID', '2025-12-12 15:51:22', NULL, 'AM', 'TIME_IN'),
('ATT-7347C3A7', '2024M0743', 'EVT-A6BB485B', 'ABSENT', 0, 'MANUAL', NULL, NULL, NULL, NULL),
('ATT-735E7911', '2024M0900', 'EVT-A6BB485B', 'ABSENT', 0, 'MANUAL', NULL, NULL, NULL, NULL),
('ATT-73902659', '2023M0488', 'EVT-A6BB485B', 'ABSENT', 0, 'MANUAL', NULL, NULL, NULL, NULL),
('ATT-7394A3F8', '2023M1528', 'EVT-A6BB485B', 'ABSENT', 0, 'MANUAL', NULL, NULL, NULL, NULL),
('ATT-73B70B80', '2024M0971', 'EVT-A6BB485B', 'ABSENT', 0, 'MANUAL', NULL, NULL, NULL, NULL),
('ATT-73CC872D', '2024M0970', 'EVT-A6BB485B', 'ABSENT', 0, 'MANUAL', NULL, NULL, NULL, NULL),
('ATT-7487DC41', '2024M1072', 'EVT-A6BB485B', 'ABSENT', 0, 'MANUAL', NULL, NULL, NULL, NULL),
('ATT-7497E3E9', '2023M0762', 'EVT-A6BB485B', 'ABSENT', 0, 'MANUAL', NULL, NULL, NULL, NULL),
('ATT-74A2CE75', '2022M0430', 'EVT-A6BB485B', 'ABSENT', 0, 'MANUAL', NULL, NULL, NULL, NULL),
('ATT-74B5C029', '2023M0467', 'EVT-A6BB485B', 'ABSENT', 0, 'MANUAL', NULL, NULL, NULL, NULL),
('ATT-74DDB91D', '2023M0889', 'EVT-A6BB485B', 'ABSENT', 0, 'MANUAL', NULL, NULL, NULL, NULL),
('ATT-753514ED', '2022M0016', 'EVT-A6BB485B', 'ABSENT', 0, 'MANUAL', NULL, NULL, NULL, NULL),
('ATT-75E596AB', '2024M0777', 'EVT-A6BB485B', 'ABSENT', 0, 'MANUAL', NULL, NULL, NULL, NULL),
('ATT-765D1F82', '2020M0422', 'EVT-A6BB485B', 'ABSENT', 0, 'MANUAL', NULL, NULL, NULL, NULL),
('ATT-76ACBFFF', '2024M0974', 'EVT-A6BB485B', 'ABSENT', 0, 'MANUAL', NULL, NULL, NULL, NULL),
('ATT-76C6761B', '2023M0761', 'EVT-A6BB485B', 'ABSENT', 0, 'MANUAL', NULL, NULL, NULL, NULL),
('ATT-7784C2E6', '2022M0038', 'EVT-A6BB485B', 'ABSENT', 0, 'MANUAL', NULL, NULL, NULL, NULL),
('ATT-778D3412', '2024M0962', 'EVT-A6BB485B', 'ABSENT', 0, 'MANUAL', NULL, NULL, NULL, NULL),
('ATT-77E53DBF', '2023M1053', 'EVT-A6BB485B', 'ABSENT', 0, 'MANUAL', NULL, NULL, NULL, NULL),
('ATT-77FE1EF4', '2023M1430', 'EVT-A6BB485B', 'ABSENT', 0, 'MANUAL', NULL, NULL, NULL, NULL),
('ATT-78587D04', '2023M1482', 'EVT-A6BB485B', 'ABSENT', 0, 'MANUAL', NULL, NULL, NULL, NULL),
('ATT-78CCE27E', '2024M1130', 'EVT-A6BB485B', 'ABSENT', 0, 'MANUAL', NULL, NULL, NULL, NULL),
('ATT-7928BD9C', '2023M1456', 'EVT-A6BB485B', 'ABSENT', 0, 'MANUAL', NULL, NULL, NULL, NULL),
('ATT-796EF60C', '2023M1846', 'EVT-A6BB485B', 'ABSENT', 0, 'MANUAL', NULL, NULL, NULL, NULL),
('ATT-7980FC54', '2023M1032', 'EVT-A6BB485B', 'ABSENT', 0, 'MANUAL', NULL, NULL, NULL, NULL),
('ATT-79A8D7DA', '2024M0894', 'EVT-A6BB485B', 'ABSENT', 0, 'MANUAL', NULL, NULL, NULL, NULL),
('ATT-79E8B876', '2022M0060', 'EVT-A6BB485B', 'ABSENT', 0, 'MANUAL', NULL, NULL, NULL, NULL),
('ATT-7A37F9FC', '2022M0259', 'EVT-A6BB485B', 'ABSENT', 0, 'MANUAL', NULL, NULL, NULL, NULL),
('ATT-7A91A8F4', '2024M1585', 'EVT-A6BB485B', 'ABSENT', 0, 'MANUAL', NULL, NULL, NULL, NULL),
('ATT-7AF45A8D', '2023M0882', 'EVT-A6BB485B', 'ABSENT', 0, 'MANUAL', NULL, NULL, NULL, NULL),
('ATT-7B043FDA', '2023M1566', 'EVT-A6BB485B', 'ABSENT', 0, 'MANUAL', NULL, NULL, NULL, NULL),
('ATT-7B382778', '2024M1108', 'EVT-A6BB485B', 'ABSENT', 0, 'MANUAL', NULL, NULL, NULL, NULL),
('ATT-7B700B5A', '2024M1132', 'EVT-A6BB485B', 'ABSENT', 0, 'MANUAL', NULL, NULL, NULL, NULL),
('ATT-7B78657F', '2023M1525', 'EVT-A6BB485B', 'ABSENT', 0, 'MANUAL', NULL, NULL, NULL, NULL),
('ATT-7B8C0F4D', '2023M0261', 'EVT-A6BB485B', 'ABSENT', 0, 'MANUAL', NULL, NULL, NULL, NULL),
('ATT-7BEB2B39', '2023M0745', 'EVT-A6BB485B', 'ABSENT', 0, 'MANUAL', NULL, NULL, NULL, NULL),
('ATT-7C0C8D00', '2024M1100', 'EVT-A6BB485B', 'ABSENT', 0, 'MANUAL', NULL, NULL, NULL, NULL),
('ATT-7CCE43F3', '2023M1454', 'EVT-A6BB485B', 'ABSENT', 0, 'MANUAL', NULL, NULL, NULL, NULL),
('ATT-7D3664BC', '2023M0486', 'EVT-A6BB485B', 'ABSENT', 0, 'MANUAL', NULL, NULL, NULL, NULL),
('ATT-7D704400', '2023M1510', 'EVT-A6BB485B', 'ABSENT', 0, 'MANUAL', NULL, NULL, NULL, NULL),
('ATT-7DF19130', '2022M0247', 'EVT-A6BB485B', 'ABSENT', 0, 'MANUAL', NULL, NULL, NULL, NULL),
('ATT-7E68968B', '2022M0145', 'EVT-A6BB485B', 'ABSENT', 0, 'MANUAL', NULL, NULL, NULL, NULL),
('ATT-7E7B9C5D', '2023M1452', 'EVT-A6BB485B', 'ABSENT', 0, 'MANUAL', NULL, NULL, NULL, NULL),
('ATT-7F850EAD', '2024M0933', 'EVT-A6BB485B', 'ABSENT', 0, 'MANUAL', NULL, NULL, NULL, NULL),
('ATT-7FC4E860', '2023M1271', 'EVT-A6BB485B', 'ABSENT', 0, 'MANUAL', NULL, NULL, NULL, NULL),
('ATT-80314AC0', '2024M0959', 'EVT-A6BB485B', 'ABSENT', 0, 'MANUAL', NULL, NULL, NULL, NULL),
('ATT-80556D75', '2017-0043-HS', 'EVT-7E1BEDA7', 'LATE', 1321, 'RFID', '2025-12-12 15:51:57', NULL, 'AM', 'TIME_IN'),
('ATT-81091459', '2022M0009', 'EVT-A6BB485B', 'ABSENT', 0, 'MANUAL', NULL, NULL, NULL, NULL),
('ATT-81395230', '2024M0895', 'EVT-A6BB485B', 'ABSENT', 0, 'MANUAL', NULL, NULL, NULL, NULL),
('ATT-814795AD', '2017-0043-HS', 'EVT-7E1BEDA7', 'LATE', 1383, 'RFID', '2025-12-12 16:46:43', NULL, 'AM', 'TIME_IN'),
('ATT-8176F162', '2023M0783', 'EVT-A6BB485B', 'ABSENT', 0, 'MANUAL', NULL, NULL, NULL, NULL),
('ATT-81A9C48B', '2023M0256', 'EVT-A6BB485B', 'ABSENT', 0, 'MANUAL', NULL, NULL, NULL, NULL),
('ATT-81C8FB43', '2023M1550', 'EVT-A6BB485B', 'ABSENT', 0, 'MANUAL', NULL, NULL, NULL, NULL),
('ATT-81D36A83', '2024M0762', 'EVT-A6BB485B', 'ABSENT', 0, 'MANUAL', NULL, NULL, NULL, NULL),
('ATT-82538782', '2022M0578', 'EVT-A6BB485B', 'ABSENT', 0, 'MANUAL', NULL, NULL, NULL, NULL),
('ATT-827B019E', '2023M0469', 'EVT-A6BB485B', 'ABSENT', 0, 'MANUAL', NULL, NULL, NULL, NULL),
('ATT-82CD5CFB', '2023M1502', 'EVT-A6BB485B', 'ABSENT', 0, 'MANUAL', NULL, NULL, NULL, NULL),
('ATT-82E0A80D', '2024M1052', 'EVT-A6BB485B', 'ABSENT', 0, 'MANUAL', NULL, NULL, NULL, NULL),
('ATT-83810602', '2022M0095', 'EVT-A6BB485B', 'ABSENT', 0, 'MANUAL', NULL, NULL, NULL, NULL),
('ATT-83989CD8', '2022M0098', 'EVT-A6BB485B', 'ABSENT', 0, 'MANUAL', NULL, NULL, NULL, NULL),
('ATT-83C7CD24', '2023M0482', 'EVT-A6BB485B', 'ABSENT', 0, 'MANUAL', NULL, NULL, NULL, NULL),
('ATT-848B1B7E', '2024M0755', 'EVT-A6BB485B', 'ABSENT', 0, 'MANUAL', NULL, NULL, NULL, NULL),
('ATT-851A80C5', '2023M0746', 'EVT-A6BB485B', 'ABSENT', 0, 'MANUAL', NULL, NULL, NULL, NULL),
('ATT-85437385', '2024M1124', 'EVT-A6BB485B', 'ABSENT', 0, 'MANUAL', NULL, NULL, NULL, NULL),
('ATT-856E7B82', '2024M0913', 'EVT-A6BB485B', 'ABSENT', 0, 'MANUAL', NULL, NULL, NULL, NULL),
('ATT-85A1D896', '2023M0769', 'EVT-A6BB485B', 'ABSENT', 0, 'MANUAL', NULL, NULL, NULL, NULL),
('ATT-85E2B05C', '2023M1563', 'EVT-A6BB485B', 'ABSENT', 0, 'MANUAL', NULL, NULL, NULL, NULL),
('ATT-862B890D', '2024M0892', 'EVT-A6BB485B', 'ABSENT', 0, 'MANUAL', NULL, NULL, NULL, NULL),
('ATT-86BD3522', '2023M1027', 'EVT-A6BB485B', 'ABSENT', 0, 'MANUAL', NULL, NULL, NULL, NULL),
('ATT-871009C3', '2023M0285', 'EVT-A6BB485B', 'ABSENT', 0, 'MANUAL', NULL, NULL, NULL, NULL),
('ATT-8718FC15', '2024M0946', 'EVT-A6BB485B', 'ABSENT', 0, 'MANUAL', NULL, NULL, NULL, NULL),
('ATT-873B7D78', '2023M1446', 'EVT-A6BB485B', 'ABSENT', 0, 'MANUAL', NULL, NULL, NULL, NULL),
('ATT-8769BCA5', '2023M0720', 'EVT-A6BB485B', 'ABSENT', 0, 'MANUAL', NULL, NULL, NULL, NULL),
('ATT-87AAE997', '2024M0780', 'EVT-A6BB485B', 'ABSENT', 0, 'MANUAL', NULL, NULL, NULL, NULL),
('ATT-87E4F2CD', '2017-0043-HS', 'EVT-7E1BEDA7', 'LATE', 1383, 'RFID', '2025-12-12 16:46:46', NULL, 'AM', 'TIME_IN'),
('ATT-87F40F2B', '2024M1062', 'EVT-A6BB485B', 'ABSENT', 0, 'MANUAL', NULL, NULL, NULL, NULL),
('ATT-88A4B5CA', '2023M0257', 'EVT-A6BB485B', 'ABSENT', 0, 'MANUAL', NULL, NULL, NULL, NULL),
('ATT-88F7B291', '2023M1546', 'EVT-A6BB485B', 'ABSENT', 0, 'MANUAL', NULL, NULL, NULL, NULL),
('ATT-89237048', '2024M0772', 'EVT-A6BB485B', 'ABSENT', 0, 'MANUAL', NULL, NULL, NULL, NULL),
('ATT-896086E0', '2024M0968', 'EVT-A6BB485B', 'ABSENT', 0, 'MANUAL', NULL, NULL, NULL, NULL),
('ATT-8985194F', '2024M0953', 'EVT-A6BB485B', 'ABSENT', 0, 'MANUAL', NULL, NULL, NULL, NULL),
('ATT-8A27303D', '2024M1057', 'EVT-A6BB485B', 'ABSENT', 0, 'MANUAL', NULL, NULL, NULL, NULL),
('ATT-8A32A70A', '2024M0954', 'EVT-A6BB485B', 'ABSENT', 0, 'MANUAL', NULL, NULL, NULL, NULL),
('ATT-8A71FCF1', '2023M1491', 'EVT-A6BB485B', 'ABSENT', 0, 'MANUAL', NULL, NULL, NULL, NULL),
('ATT-8AD030CC', '2024M1096', 'EVT-A6BB485B', 'ABSENT', 0, 'MANUAL', NULL, NULL, NULL, NULL),
('ATT-8B3E175E', '2024M0949', 'EVT-A6BB485B', 'ABSENT', 0, 'MANUAL', NULL, NULL, NULL, NULL),
('ATT-8BA40EE4', '2022M0101', 'EVT-A6BB485B', 'ABSENT', 0, 'MANUAL', NULL, NULL, NULL, NULL),
('ATT-8BADB507', '2024M1551', 'EVT-A6BB485B', 'ABSENT', 0, 'MANUAL', NULL, NULL, NULL, NULL),
('ATT-8BD2E921', '2024M1133', 'EVT-A6BB485B', 'ABSENT', 0, 'MANUAL', NULL, NULL, NULL, NULL),
('ATT-8C3F54B2', '2023M2194', 'EVT-A6BB485B', 'ABSENT', 0, 'MANUAL', NULL, NULL, NULL, NULL),
('ATT-8CB4A27B', '2022M0294', 'EVT-A6BB485B', 'ABSENT', 0, 'MANUAL', NULL, NULL, NULL, NULL),
('ATT-8D1DFEA9', '2024M0937', 'EVT-A6BB485B', 'ABSENT', 0, 'MANUAL', NULL, NULL, NULL, NULL),
('ATT-8DC08C41', '2023M0283', 'EVT-A6BB485B', 'ABSENT', 0, 'MANUAL', NULL, NULL, NULL, NULL),
('ATT-8E775D7A', '2023M0371', 'EVT-A6BB485B', 'ABSENT', 0, 'MANUAL', NULL, NULL, NULL, NULL),
('ATT-8E7CE1D4', '2024M0956', 'EVT-A6BB485B', 'ABSENT', 0, 'MANUAL', NULL, NULL, NULL, NULL),
('ATT-8E80513E', '2022M0165', 'EVT-A6BB485B', 'ABSENT', 0, 'MANUAL', NULL, NULL, NULL, NULL),
('ATT-8F1E829A', '2023M0260', 'EVT-A6BB485B', 'ABSENT', 0, 'MANUAL', NULL, NULL, NULL, NULL),
('ATT-8FC8CF83', '2017-0043-HS', 'EVT-7E1BEDA7', 'LATE', 1389, 'RFID', '2025-12-12 16:40:23', NULL, 'AM', 'TIME_IN'),
('ATT-9010AA46', '2024M1499', 'EVT-A6BB485B', 'ABSENT', 0, 'MANUAL', NULL, NULL, NULL, NULL),
('ATT-908B82A1', '2024M0944', 'EVT-A6BB485B', 'ABSENT', 0, 'MANUAL', NULL, NULL, NULL, NULL),
('ATT-90AB023F', '2024M0960', 'EVT-A6BB485B', 'ABSENT', 0, 'MANUAL', NULL, NULL, NULL, NULL),
('ATT-9215A981', '2023M0437', 'EVT-A6BB485B', 'ABSENT', 0, 'MANUAL', NULL, NULL, NULL, NULL),
('ATT-92449C6A', '2022M0291', 'EVT-A6BB485B', 'ABSENT', 0, 'MANUAL', NULL, NULL, NULL, NULL),
('ATT-93B3BA87', '2024M1201', 'EVT-A6BB485B', 'ABSENT', 0, 'MANUAL', NULL, NULL, NULL, NULL),
('ATT-9450C023', '2023M1547', 'EVT-A6BB485B', 'ABSENT', 0, 'MANUAL', NULL, NULL, NULL, NULL),
('ATT-946D187A', '2024M1126', 'EVT-A6BB485B', 'ABSENT', 0, 'MANUAL', NULL, NULL, NULL, NULL),
('ATT-95010079', '2023M0364', 'EVT-A6BB485B', 'ABSENT', 0, 'MANUAL', NULL, NULL, NULL, NULL),
('ATT-956681E9', '2024M0774', 'EVT-A6BB485B', 'ABSENT', 0, 'MANUAL', NULL, NULL, NULL, NULL),
('ATT-958820EE', '2022M0141', 'EVT-A6BB485B', 'ABSENT', 0, 'MANUAL', NULL, NULL, NULL, NULL),
('ATT-95898798', '2023M0779', 'EVT-A6BB485B', 'ABSENT', 0, 'MANUAL', NULL, NULL, NULL, NULL),
('ATT-959C4BDF', '2023M0462', 'EVT-A6BB485B', 'ABSENT', 0, 'MANUAL', NULL, NULL, NULL, NULL),
('ATT-95ABFE3F', '2021M0648', 'EVT-A6BB485B', 'ABSENT', 0, 'MANUAL', NULL, NULL, NULL, NULL),
('ATT-95F460EA', '2024M1122', 'EVT-A6BB485B', 'ABSENT', 0, 'MANUAL', NULL, NULL, NULL, NULL),
('ATT-970F2489', '2017-0043-HS', 'EVT-7E1BEDA7', 'LATE', 1389, 'RFID', '2025-12-12 16:40:21', NULL, 'AM', 'TIME_IN'),
('ATT-9738E832', '2022M0573', 'EVT-A6BB485B', 'ABSENT', 0, 'MANUAL', NULL, NULL, NULL, NULL),
('ATT-979065AE', '2022M0044', 'EVT-A6BB485B', 'ABSENT', 0, 'MANUAL', NULL, NULL, NULL, NULL),
('ATT-97BD68A1', '2024M1209', 'EVT-A6BB485B', 'ABSENT', 0, 'MANUAL', NULL, NULL, NULL, NULL),
('ATT-98AA711F', '2022M0011', 'EVT-A6BB485B', 'ABSENT', 0, 'MANUAL', NULL, NULL, NULL, NULL),
('ATT-98BBA9B7', '2023M0751', 'EVT-A6BB485B', 'ABSENT', 0, 'MANUAL', NULL, NULL, NULL, NULL),
('ATT-98D68200', '2022M0091', 'EVT-A6BB485B', 'ABSENT', 0, 'MANUAL', NULL, NULL, NULL, NULL),
('ATT-98DC2CEC', '2023M0702', 'EVT-A6BB485B', 'ABSENT', 0, 'MANUAL', NULL, NULL, NULL, NULL),
('ATT-98E305AF', '2022M0166', 'EVT-A6BB485B', 'ABSENT', 0, 'MANUAL', NULL, NULL, NULL, NULL),
('ATT-9907C0AC', '2024M1144', 'EVT-A6BB485B', 'ABSENT', 0, 'MANUAL', NULL, NULL, NULL, NULL),
('ATT-996AA5DC', '2024M0760', 'EVT-A6BB485B', 'ABSENT', 0, 'MANUAL', NULL, NULL, NULL, NULL),
('ATT-99C94903', '2023M1483', 'EVT-A6BB485B', 'ABSENT', 0, 'MANUAL', NULL, NULL, NULL, NULL),
('ATT-9B6C263B', '2024M0917', 'EVT-A6BB485B', 'ABSENT', 0, 'MANUAL', NULL, NULL, NULL, NULL),
('ATT-9BB143C5', '2022M0284', 'EVT-A6BB485B', 'ABSENT', 0, 'MANUAL', NULL, NULL, NULL, NULL),
('ATT-9BFF0F00', '2024M1101', 'EVT-A6BB485B', 'ABSENT', 0, 'MANUAL', NULL, NULL, NULL, NULL),
('ATT-9C3C82F7', '2024M0889', 'EVT-A6BB485B', 'ABSENT', 0, 'MANUAL', NULL, NULL, NULL, NULL),
('ATT-9C4EAC93', '2024M0926', 'EVT-A6BB485B', 'ABSENT', 0, 'MANUAL', NULL, NULL, NULL, NULL),
('ATT-9CC90F67', '2023M1478', 'EVT-A6BB485B', 'ABSENT', 0, 'MANUAL', NULL, NULL, NULL, NULL),
('ATT-9D085AAA', '2023M0810', 'EVT-A6BB485B', 'ABSENT', 0, 'MANUAL', NULL, NULL, NULL, NULL),
('ATT-9D2777FD', '2023M1034', 'EVT-A6BB485B', 'ABSENT', 0, 'MANUAL', NULL, NULL, NULL, NULL),
('ATT-9D5F68C9', '2024M1112', 'EVT-A6BB485B', 'ABSENT', 0, 'MANUAL', NULL, NULL, NULL, NULL),
('ATT-9EBFB395', '2024M0912', 'EVT-A6BB485B', 'ABSENT', 0, 'MANUAL', NULL, NULL, NULL, NULL),
('ATT-9EC6A80A', '2017-0043-HS', 'EVT-7E1BEDA7', 'LATE', 1383, 'RFID', '2025-12-12 16:46:48', NULL, 'AM', 'TIME_IN'),
('ATT-9EFAAF90', '2022M0431', 'EVT-A6BB485B', 'ABSENT', 0, 'MANUAL', NULL, NULL, NULL, NULL),
('ATT-9F5A1504', '2023M1488', 'EVT-A6BB485B', 'ABSENT', 0, 'MANUAL', NULL, NULL, NULL, NULL),
('ATT-9F65BA2D', '2022M0007', 'EVT-A6BB485B', 'ABSENT', 0, 'MANUAL', NULL, NULL, NULL, NULL),
('ATT-A0E55439', '2024M0769', 'EVT-A6BB485B', 'ABSENT', 0, 'MANUAL', NULL, NULL, NULL, NULL),
('ATT-A0EDD823', '2017-0043-HS', 'EVT-7E1BEDA7', 'LATE', 1321, 'RFID', '2025-12-12 15:51:45', NULL, 'AM', 'TIME_IN'),
('ATT-A164912F', '2023M2083', 'EVT-A6BB485B', 'ABSENT', 0, 'MANUAL', NULL, NULL, NULL, NULL),
('ATT-A16F75DC', '2022M0062', 'EVT-A6BB485B', 'ABSENT', 0, 'MANUAL', NULL, NULL, NULL, NULL),
('ATT-A1C517BF', '2023M0466', 'EVT-A6BB485B', 'ABSENT', 0, 'MANUAL', NULL, NULL, NULL, NULL),
('ATT-A1E2944F', '2022M0105', 'EVT-A6BB485B', 'ABSENT', 0, 'MANUAL', NULL, NULL, NULL, NULL),
('ATT-A24C9A10', '2023M2154', 'EVT-A6BB485B', 'ABSENT', 0, 'MANUAL', NULL, NULL, NULL, NULL),
('ATT-A25A279B', '2023M1517', 'EVT-A6BB485B', 'ABSENT', 0, 'MANUAL', NULL, NULL, NULL, NULL),
('ATT-A291603C', '2023M0711', 'EVT-A6BB485B', 'ABSENT', 0, 'MANUAL', NULL, NULL, NULL, NULL),
('ATT-A36F5580', '2023M0754', 'EVT-A6BB485B', 'ABSENT', 0, 'MANUAL', NULL, NULL, NULL, NULL),
('ATT-A38A00F8', '2022M0052', 'EVT-A6BB485B', 'ABSENT', 0, 'MANUAL', NULL, NULL, NULL, NULL),
('ATT-A3B96C81', '2023M0476', 'EVT-A6BB485B', 'ABSENT', 0, 'MANUAL', NULL, NULL, NULL, NULL);
INSERT INTO `attendance` (`attendance_id`, `stud_id`, `event_id`, `status`, `minutes_late`, `scan_source`, `check_in_time`, `check_out_time`, `session`, `record_type`) VALUES
('ATT-A4064CCF', '2023M0492', 'EVT-A6BB485B', 'ABSENT', 0, 'MANUAL', NULL, NULL, NULL, NULL),
('ATT-A4DC39C9', '2024M0761', 'EVT-A6BB485B', 'ABSENT', 0, 'MANUAL', NULL, NULL, NULL, NULL),
('ATT-A4DDFCEA', '2024M1204', 'EVT-A6BB485B', 'ABSENT', 0, 'MANUAL', NULL, NULL, NULL, NULL),
('ATT-A4E01290', '2023M1046', 'EVT-A6BB485B', 'ABSENT', 0, 'MANUAL', NULL, NULL, NULL, NULL),
('ATT-A59F35A9', '2023M0296', 'EVT-A6BB485B', 'ABSENT', 0, 'MANUAL', NULL, NULL, NULL, NULL),
('ATT-A5D9CE42', '2023M1521', 'EVT-A6BB485B', 'ABSENT', 0, 'MANUAL', NULL, NULL, NULL, NULL),
('ATT-A6843952', '2024M0938', 'EVT-A6BB485B', 'ABSENT', 0, 'MANUAL', NULL, NULL, NULL, NULL),
('ATT-A6F9E39E', '2024M0742', 'EVT-A6BB485B', 'ABSENT', 0, 'MANUAL', NULL, NULL, NULL, NULL),
('ATT-A70EE9B1', '2023M1487', 'EVT-A6BB485B', 'ABSENT', 0, 'MANUAL', NULL, NULL, NULL, NULL),
('ATT-A77021E9', '2024M1116', 'EVT-A6BB485B', 'ABSENT', 0, 'MANUAL', NULL, NULL, NULL, NULL),
('ATT-A77EBD08', '2022M0096', 'EVT-A6BB485B', 'ABSENT', 0, 'MANUAL', NULL, NULL, NULL, NULL),
('ATT-A7925704', '2023M1035', 'EVT-A6BB485B', 'ABSENT', 0, 'MANUAL', NULL, NULL, NULL, NULL),
('ATT-A7BEDAEC', '2024M0947', 'EVT-A6BB485B', 'ABSENT', 0, 'MANUAL', NULL, NULL, NULL, NULL),
('ATT-A7D20ED5', '2023M1535', 'EVT-A6BB485B', 'ABSENT', 0, 'MANUAL', NULL, NULL, NULL, NULL),
('ATT-A80C53FF', '2023M1490', 'EVT-A6BB485B', 'ABSENT', 0, 'MANUAL', NULL, NULL, NULL, NULL),
('ATT-A8241C40', '2024M0911', 'EVT-A6BB485B', 'ABSENT', 0, 'MANUAL', NULL, NULL, NULL, NULL),
('ATT-A8873D19', '2023M1530', 'EVT-A6BB485B', 'ABSENT', 0, 'MANUAL', NULL, NULL, NULL, NULL),
('ATT-A8EFA6DB', '2023M1565', 'EVT-A6BB485B', 'ABSENT', 0, 'MANUAL', NULL, NULL, NULL, NULL),
('ATT-A933AE13', '2024M1066', 'EVT-A6BB485B', 'ABSENT', 0, 'MANUAL', NULL, NULL, NULL, NULL),
('ATT-A9506366', '2022M0236', 'EVT-A6BB485B', 'ABSENT', 0, 'MANUAL', NULL, NULL, NULL, NULL),
('ATT-A95685C9', '2024M0897', 'EVT-A6BB485B', 'ABSENT', 0, 'MANUAL', NULL, NULL, NULL, NULL),
('ATT-A9781425', '2017-0043-HS', 'EVT-7E1BEDA7', 'LATE', 1382, 'RFID', '2025-12-12 16:47:08', NULL, 'AM', 'TIME_IN'),
('ATT-A9902888', '2024M1064', 'EVT-A6BB485B', 'ABSENT', 0, 'MANUAL', NULL, NULL, NULL, NULL),
('ATT-A993A03D', '2018-0105-SH', 'EVT-A6BB485B', 'ABSENT', 0, 'MANUAL', NULL, NULL, NULL, NULL),
('ATT-A99B1648', '2023M1557', 'EVT-A6BB485B', 'ABSENT', 0, 'MANUAL', NULL, NULL, NULL, NULL),
('ATT-A99FCCB9', '2023M0993', 'EVT-A6BB485B', 'ABSENT', 0, 'MANUAL', NULL, NULL, NULL, NULL),
('ATT-AA53FDA6', '2022M0149', 'EVT-A6BB485B', 'ABSENT', 0, 'MANUAL', NULL, NULL, NULL, NULL),
('ATT-AB76E586', '2023M1537', 'EVT-A6BB485B', 'ABSENT', 0, 'MANUAL', NULL, NULL, NULL, NULL),
('ATT-AB81E88C', '2023M1434', 'EVT-A6BB485B', 'ABSENT', 0, 'MANUAL', NULL, NULL, NULL, NULL),
('ATT-AB89C69B', '2023M0439', 'EVT-A6BB485B', 'ABSENT', 0, 'MANUAL', NULL, NULL, NULL, NULL),
('ATT-ABE5AA10', '2022M0057', 'EVT-A6BB485B', 'ABSENT', 0, 'MANUAL', NULL, NULL, NULL, NULL),
('ATT-AC5CD660', '2022M0257', 'EVT-A6BB485B', 'ABSENT', 0, 'MANUAL', NULL, NULL, NULL, NULL),
('ATT-AC808E55', '2022M1496', 'EVT-A6BB485B', 'ABSENT', 0, 'MANUAL', NULL, NULL, NULL, NULL),
('ATT-ACFE1CD3', '2024M0914', 'EVT-A6BB485B', 'ABSENT', 0, 'MANUAL', NULL, NULL, NULL, NULL),
('ATT-AD4B6280', '2024M1118', 'EVT-A6BB485B', 'ABSENT', 0, 'MANUAL', NULL, NULL, NULL, NULL),
('ATT-AD76C2AC', '2023M0723', 'EVT-A6BB485B', 'ABSENT', 0, 'MANUAL', NULL, NULL, NULL, NULL),
('ATT-ADA74125', '2023M1561', 'EVT-A6BB485B', 'ABSENT', 0, 'MANUAL', NULL, NULL, NULL, NULL),
('ATT-AE7273A3', '2023M0434', 'EVT-A6BB485B', 'ABSENT', 0, 'MANUAL', NULL, NULL, NULL, NULL),
('ATT-AE8521C4', '2023M1041', 'EVT-A6BB485B', 'ABSENT', 0, 'MANUAL', NULL, NULL, NULL, NULL),
('ATT-AEC5F234', '2022M0139', 'EVT-A6BB485B', 'ABSENT', 0, 'MANUAL', NULL, NULL, NULL, NULL),
('ATT-AED3996E', '2024M1131', 'EVT-A6BB485B', 'ABSENT', 0, 'MANUAL', NULL, NULL, NULL, NULL),
('ATT-AF041F12', '2022M0067', 'EVT-A6BB485B', 'ABSENT', 0, 'MANUAL', NULL, NULL, NULL, NULL),
('ATT-AFDE9116', '2023M1474', 'EVT-A6BB485B', 'ABSENT', 0, 'MANUAL', NULL, NULL, NULL, NULL),
('ATT-B01911C8', '2023M1522', 'EVT-A6BB485B', 'ABSENT', 0, 'MANUAL', NULL, NULL, NULL, NULL),
('ATT-B090BE69', '2024M0929', 'EVT-A6BB485B', 'ABSENT', 0, 'MANUAL', NULL, NULL, NULL, NULL),
('ATT-B1ACF5FF', '2024M0775', 'EVT-A6BB485B', 'ABSENT', 0, 'MANUAL', NULL, NULL, NULL, NULL),
('ATT-B1F31BC1', '2023M1552', 'EVT-A6BB485B', 'ABSENT', 0, 'MANUAL', NULL, NULL, NULL, NULL),
('ATT-B392B248', '2023M1040', 'EVT-A6BB485B', 'ABSENT', 0, 'MANUAL', NULL, NULL, NULL, NULL),
('ATT-B3EAAD22', '2023M0782', 'EVT-A6BB485B', 'ABSENT', 0, 'MANUAL', NULL, NULL, NULL, NULL),
('ATT-B40BB442', '2024M0766', 'EVT-A6BB485B', 'ABSENT', 0, 'MANUAL', NULL, NULL, NULL, NULL),
('ATT-B45AEAB9', '2020M1336', 'EVT-A6BB485B', 'ABSENT', 0, 'MANUAL', NULL, NULL, NULL, NULL),
('ATT-B4AED655', '2024M0791', 'EVT-A6BB485B', 'ABSENT', 0, 'MANUAL', NULL, NULL, NULL, NULL),
('ATT-B4B5671F', '2022M0124', 'EVT-A6BB485B', 'ABSENT', 0, 'MANUAL', NULL, NULL, NULL, NULL),
('ATT-B4CF4101', '2020M1735', 'EVT-A6BB485B', 'ABSENT', 0, 'MANUAL', NULL, NULL, NULL, NULL),
('ATT-B4EF8377', '2023M1049', 'EVT-A6BB485B', 'ABSENT', 0, 'MANUAL', NULL, NULL, NULL, NULL),
('ATT-B5341EDC', '2017-0043-HS', 'EVT-A6BB485B', 'LATE', 0, 'RFID', '2025-12-12 16:47:41', NULL, 'AM', 'TIME_IN'),
('ATT-B5421517', '2022M0053', 'EVT-A6BB485B', 'ABSENT', 0, 'MANUAL', NULL, NULL, NULL, NULL),
('ATT-B57B3279', '2024M1065', 'EVT-A6BB485B', 'ABSENT', 0, 'MANUAL', NULL, NULL, NULL, NULL),
('ATT-B5CB1702', '2022M0037', 'EVT-A6BB485B', 'ABSENT', 0, 'MANUAL', NULL, NULL, NULL, NULL),
('ATT-B62226D4', '2023M1039', 'EVT-A6BB485B', 'ABSENT', 0, 'MANUAL', NULL, NULL, NULL, NULL),
('ATT-B6560162', '2023M0755', 'EVT-A6BB485B', 'ABSENT', 0, 'MANUAL', NULL, NULL, NULL, NULL),
('ATT-B71FF348', '2023M1849', 'EVT-A6BB485B', 'ABSENT', 0, 'MANUAL', NULL, NULL, NULL, NULL),
('ATT-B78C7FB3', '2023M1435', 'EVT-A6BB485B', 'ABSENT', 0, 'MANUAL', NULL, NULL, NULL, NULL),
('ATT-B810D618', '2024M0748', 'EVT-A6BB485B', 'ABSENT', 0, 'MANUAL', NULL, NULL, NULL, NULL),
('ATT-B8293041', '2022M0144', 'EVT-A6BB485B', 'ABSENT', 0, 'MANUAL', NULL, NULL, NULL, NULL),
('ATT-B82BE63B', '2023M0369', 'EVT-A6BB485B', 'ABSENT', 0, 'MANUAL', NULL, NULL, NULL, NULL),
('ATT-B8553285', '2024M1207', 'EVT-A6BB485B', 'ABSENT', 0, 'MANUAL', NULL, NULL, NULL, NULL),
('ATT-B8FA15F3', '2024M1546', 'EVT-A6BB485B', 'ABSENT', 0, 'MANUAL', NULL, NULL, NULL, NULL),
('ATT-B90DA003', '2017-0043-HS', 'EVT-7E1BEDA7', 'LATE', 1383, 'RFID', '2025-12-12 16:46:59', NULL, 'AM', 'TIME_IN'),
('ATT-B9642969', '2023M0254', 'EVT-A6BB485B', 'ABSENT', 0, 'MANUAL', NULL, NULL, NULL, NULL),
('ATT-B9CB9D70', '2023M0772', 'EVT-A6BB485B', 'ABSENT', 0, 'MANUAL', NULL, NULL, NULL, NULL),
('ATT-BA29400F', '2023M0724', 'EVT-A6BB485B', 'ABSENT', 0, 'MANUAL', NULL, NULL, NULL, NULL),
('ATT-BA7FE56E', '2023M1423', 'EVT-A6BB485B', 'ABSENT', 0, 'MANUAL', NULL, NULL, NULL, NULL),
('ATT-BAA6C4E3', '2022M0146', 'EVT-A6BB485B', 'ABSENT', 0, 'MANUAL', NULL, NULL, NULL, NULL),
('ATT-BAB66222', '2024M0941', 'EVT-A6BB485B', 'ABSENT', 0, 'MANUAL', NULL, NULL, NULL, NULL),
('ATT-BAE06D2C', '2023M0468', 'EVT-A6BB485B', 'ABSENT', 0, 'MANUAL', NULL, NULL, NULL, NULL),
('ATT-BAEB7A94', '2024M0782', 'EVT-A6BB485B', 'ABSENT', 0, 'MANUAL', NULL, NULL, NULL, NULL),
('ATT-BB1A2F1A', '2024M1091', 'EVT-A6BB485B', 'ABSENT', 0, 'MANUAL', NULL, NULL, NULL, NULL),
('ATT-BB20156F', '2022M0289', 'EVT-A6BB485B', 'ABSENT', 0, 'MANUAL', NULL, NULL, NULL, NULL),
('ATT-BB505CFB', '2022M0240', 'EVT-A6BB485B', 'ABSENT', 0, 'MANUAL', NULL, NULL, NULL, NULL),
('ATT-BB665F84', '2022M0041', 'EVT-A6BB485B', 'ABSENT', 0, 'MANUAL', NULL, NULL, NULL, NULL),
('ATT-BBA69596', '2023M0740', 'EVT-A6BB485B', 'ABSENT', 0, 'MANUAL', NULL, NULL, NULL, NULL),
('ATT-BBDEC68F', '2024M1120', 'EVT-A6BB485B', 'ABSENT', 0, 'MANUAL', NULL, NULL, NULL, NULL),
('ATT-BC2BE303', '2023M0812', 'EVT-A6BB485B', 'ABSENT', 0, 'MANUAL', NULL, NULL, NULL, NULL),
('ATT-BC9B83EF', '2024M1088', 'EVT-A6BB485B', 'ABSENT', 0, 'MANUAL', NULL, NULL, NULL, NULL),
('ATT-BD438468', '2022M0090', 'EVT-A6BB485B', 'ABSENT', 0, 'MANUAL', NULL, NULL, NULL, NULL),
('ATT-BD486992', '2023M1469', 'EVT-A6BB485B', 'ABSENT', 0, 'MANUAL', NULL, NULL, NULL, NULL),
('ATT-BD7DF1CC', '2024M0972', 'EVT-A6BB485B', 'ABSENT', 0, 'MANUAL', NULL, NULL, NULL, NULL),
('ATT-BDE0118F', '2022M0046', 'EVT-A6BB485B', 'ABSENT', 0, 'MANUAL', NULL, NULL, NULL, NULL),
('ATT-BE19FA27', '2023M0250', 'EVT-A6BB485B', 'ABSENT', 0, 'MANUAL', NULL, NULL, NULL, NULL),
('ATT-BF1B6566', '2023M1461', 'EVT-A6BB485B', 'ABSENT', 0, 'MANUAL', NULL, NULL, NULL, NULL),
('ATT-BF65CA29', '2022M0036', 'EVT-A6BB485B', 'ABSENT', 0, 'MANUAL', NULL, NULL, NULL, NULL),
('ATT-BFD2BB64', '2024M1090', 'EVT-A6BB485B', 'ABSENT', 0, 'MANUAL', NULL, NULL, NULL, NULL),
('ATT-BFF4F1F1', '2023M1421', 'EVT-A6BB485B', 'ABSENT', 0, 'MANUAL', NULL, NULL, NULL, NULL),
('ATT-C00093EC', '2023M0272', 'EVT-A6BB485B', 'ABSENT', 0, 'MANUAL', NULL, NULL, NULL, NULL),
('ATT-C05813D7', '2022M1489', 'EVT-A6BB485B', 'ABSENT', 0, 'MANUAL', NULL, NULL, NULL, NULL),
('ATT-C0FF6E66', '2023M1043', 'EVT-A6BB485B', 'ABSENT', 0, 'MANUAL', NULL, NULL, NULL, NULL),
('ATT-C11C41DE', '2022M0006', 'EVT-A6BB485B', 'ABSENT', 0, 'MANUAL', NULL, NULL, NULL, NULL),
('ATT-C12E2DE9', '2024M1086', 'EVT-A6BB485B', 'ABSENT', 0, 'MANUAL', NULL, NULL, NULL, NULL),
('ATT-C1538609', '2023M1425', 'EVT-A6BB485B', 'ABSENT', 0, 'MANUAL', NULL, NULL, NULL, NULL),
('ATT-C1858D86', '2022M0581', 'EVT-A6BB485B', 'ABSENT', 0, 'MANUAL', NULL, NULL, NULL, NULL),
('ATT-C1D2DCE5', '2021M0104', 'EVT-A6BB485B', 'ABSENT', 0, 'MANUAL', NULL, NULL, NULL, NULL),
('ATT-C2343FE5', '2023M0453', 'EVT-A6BB485B', 'ABSENT', 0, 'MANUAL', NULL, NULL, NULL, NULL),
('ATT-C23C0D1E', '2023M0458', 'EVT-A6BB485B', 'ABSENT', 0, 'MANUAL', NULL, NULL, NULL, NULL),
('ATT-C267E375', '2023M0484', 'EVT-A6BB485B', 'ABSENT', 0, 'MANUAL', NULL, NULL, NULL, NULL),
('ATT-C26EAFAB', '2024M1061', 'EVT-A6BB485B', 'ABSENT', 0, 'MANUAL', NULL, NULL, NULL, NULL),
('ATT-C31F1BC1', '2023M1036', 'EVT-A6BB485B', 'ABSENT', 0, 'MANUAL', NULL, NULL, NULL, NULL),
('ATT-C39F3C8C', '2022M0099', 'EVT-A6BB485B', 'ABSENT', 0, 'MANUAL', NULL, NULL, NULL, NULL),
('ATT-C3C0A3BB', '2024M0795', 'EVT-A6BB485B', 'ABSENT', 0, 'MANUAL', NULL, NULL, NULL, NULL),
('ATT-C3E6E4AB', '2023M0763', 'EVT-A6BB485B', 'ABSENT', 0, 'MANUAL', NULL, NULL, NULL, NULL),
('ATT-C3F68103', '2024M1089', 'EVT-A6BB485B', 'ABSENT', 0, 'MANUAL', NULL, NULL, NULL, NULL),
('ATT-C4799730', '2024M1063', 'EVT-A6BB485B', 'ABSENT', 0, 'MANUAL', NULL, NULL, NULL, NULL),
('ATT-C4DEB70E', '2024M1097', 'EVT-A6BB485B', 'ABSENT', 0, 'MANUAL', NULL, NULL, NULL, NULL),
('ATT-C57E661A', '2024M0792', 'EVT-A6BB485B', 'ABSENT', 0, 'MANUAL', NULL, NULL, NULL, NULL),
('ATT-C58C879B', '2024M1206', 'EVT-A6BB485B', 'ABSENT', 0, 'MANUAL', NULL, NULL, NULL, NULL),
('ATT-C5EA2CA3', '2024M1547', 'EVT-A6BB485B', 'ABSENT', 0, 'MANUAL', NULL, NULL, NULL, NULL),
('ATT-C63931C3', '2022M0063', 'EVT-A6BB485B', 'ABSENT', 0, 'MANUAL', NULL, NULL, NULL, NULL),
('ATT-C6814B48', '2023M1500', 'EVT-A6BB485B', 'ABSENT', 0, 'MANUAL', NULL, NULL, NULL, NULL),
('ATT-C6A95A4B', '2017-0043-HS', 'EVT-7E1BEDA7', 'LATE', 1383, 'RFID', '2025-12-12 16:46:52', NULL, 'AM', 'TIME_IN'),
('ATT-C6C0C079', '2024M0961', 'EVT-A6BB485B', 'ABSENT', 0, 'MANUAL', NULL, NULL, NULL, NULL),
('ATT-C73D8431', '2022M0010', 'EVT-A6BB485B', 'ABSENT', 0, 'MANUAL', NULL, NULL, NULL, NULL),
('ATT-C787BB1E', '2024M1553', 'EVT-A6BB485B', 'ABSENT', 0, 'MANUAL', NULL, NULL, NULL, NULL),
('ATT-C883E65F', '2023M1463', 'EVT-A6BB485B', 'ABSENT', 0, 'MANUAL', NULL, NULL, NULL, NULL),
('ATT-C93C5D2E', '2023M0890', 'EVT-A6BB485B', 'ABSENT', 0, 'MANUAL', NULL, NULL, NULL, NULL),
('ATT-C93EECBC', '2023M1532', 'EVT-A6BB485B', 'ABSENT', 0, 'MANUAL', NULL, NULL, NULL, NULL),
('ATT-C95F7C58', '2024M1136', 'EVT-A6BB485B', 'ABSENT', 0, 'MANUAL', NULL, NULL, NULL, NULL),
('ATT-C9BB0032', '2023M0269', 'EVT-A6BB485B', 'ABSENT', 0, 'MANUAL', NULL, NULL, NULL, NULL),
('ATT-C9BF05F9', '2022M0012', 'EVT-A6BB485B', 'ABSENT', 0, 'MANUAL', NULL, NULL, NULL, NULL),
('ATT-C9FF32E6', '2023M1016', 'EVT-A6BB485B', 'ABSENT', 0, 'MANUAL', NULL, NULL, NULL, NULL),
('ATT-CA4E14DB', '2022M0028', 'EVT-A6BB485B', 'ABSENT', 0, 'MANUAL', NULL, NULL, NULL, NULL),
('ATT-CAB24BE5', '2023M1486', 'EVT-A6BB485B', 'ABSENT', 0, 'MANUAL', NULL, NULL, NULL, NULL),
('ATT-CAE16204', '2023M1424', 'EVT-A6BB485B', 'ABSENT', 0, 'MANUAL', NULL, NULL, NULL, NULL),
('ATT-CB35EFFA', '2024M1205', 'EVT-A6BB485B', 'ABSENT', 0, 'MANUAL', NULL, NULL, NULL, NULL),
('ATT-CBA6D6ED', '2024M0930', 'EVT-A6BB485B', 'ABSENT', 0, 'MANUAL', NULL, NULL, NULL, NULL),
('ATT-CBFE3FBA', '2024M0963', 'EVT-A6BB485B', 'ABSENT', 0, 'MANUAL', NULL, NULL, NULL, NULL),
('ATT-CC5BA349', '2024M0754', 'EVT-A6BB485B', 'ABSENT', 0, 'MANUAL', NULL, NULL, NULL, NULL),
('ATT-CC87A154', '2024M0793', 'EVT-A6BB485B', 'ABSENT', 0, 'MANUAL', NULL, NULL, NULL, NULL),
('ATT-CC98F186', '2023M0891', 'EVT-A6BB485B', 'ABSENT', 0, 'MANUAL', NULL, NULL, NULL, NULL),
('ATT-CC9CCA92', '2023M0489', 'EVT-A6BB485B', 'ABSENT', 0, 'MANUAL', NULL, NULL, NULL, NULL),
('ATT-CCAF05A6', '2023M0477', 'EVT-A6BB485B', 'ABSENT', 0, 'MANUAL', NULL, NULL, NULL, NULL),
('ATT-CE1CADDF', '2024M1139', 'EVT-A6BB485B', 'ABSENT', 0, 'MANUAL', NULL, NULL, NULL, NULL),
('ATT-CE20EDA3', '2022M0033', 'EVT-A6BB485B', 'ABSENT', 0, 'MANUAL', NULL, NULL, NULL, NULL),
('ATT-CE49DB8D', '2023M0372', 'EVT-A6BB485B', 'ABSENT', 0, 'MANUAL', NULL, NULL, NULL, NULL),
('ATT-CF0F8C19', '2022M0049', 'EVT-A6BB485B', 'ABSENT', 0, 'MANUAL', NULL, NULL, NULL, NULL),
('ATT-CF67C331', '2023M0781', 'EVT-A6BB485B', 'ABSENT', 0, 'MANUAL', NULL, NULL, NULL, NULL),
('ATT-CF7499A6', '2023M0367', 'EVT-A6BB485B', 'ABSENT', 0, 'MANUAL', NULL, NULL, NULL, NULL),
('ATT-CF76D3DE', '2022M0137', 'EVT-A6BB485B', 'ABSENT', 0, 'MANUAL', NULL, NULL, NULL, NULL),
('ATT-CFB437AE', '2024M0744', 'EVT-A6BB485B', 'ABSENT', 0, 'MANUAL', NULL, NULL, NULL, NULL),
('ATT-CFC3A253', '2024M1125', 'EVT-A6BB485B', 'ABSENT', 0, 'MANUAL', NULL, NULL, NULL, NULL),
('ATT-D0B82788', '2024M0767', 'EVT-A6BB485B', 'ABSENT', 0, 'MANUAL', NULL, NULL, NULL, NULL),
('ATT-D0BE54AA', '2017-0002-HS', 'EVT-A6BB485B', 'ABSENT', 0, 'MANUAL', NULL, NULL, NULL, NULL),
('ATT-D0ECAE1F', '2022M0572', 'EVT-A6BB485B', 'ABSENT', 0, 'MANUAL', NULL, NULL, NULL, NULL),
('ATT-D10EC6EF', '2023M0443', 'EVT-A6BB485B', 'ABSENT', 0, 'MANUAL', NULL, NULL, NULL, NULL),
('ATT-D111714D', '2023M0457', 'EVT-A6BB485B', 'ABSENT', 0, 'MANUAL', NULL, NULL, NULL, NULL),
('ATT-D1185592', '2023M1524', 'EVT-A6BB485B', 'ABSENT', 0, 'MANUAL', NULL, NULL, NULL, NULL),
('ATT-D1264382', '2024M1813', 'EVT-A6BB485B', 'ABSENT', 0, 'MANUAL', NULL, NULL, NULL, NULL),
('ATT-D14C1B8D', '2016-0041-HS', 'EVT-A6BB485B', 'ABSENT', 0, 'MANUAL', NULL, NULL, NULL, NULL),
('ATT-D15A51B6', '2022M0001', 'EVT-A6BB485B', 'ABSENT', 0, 'MANUAL', NULL, NULL, NULL, NULL),
('ATT-D21BCD99', '2023M0886', 'EVT-A6BB485B', 'ABSENT', 0, 'MANUAL', NULL, NULL, NULL, NULL),
('ATT-D2F749D4', '2024M0773', 'EVT-A6BB485B', 'ABSENT', 0, 'MANUAL', NULL, NULL, NULL, NULL),
('ATT-D34D653D', '2023M0708', 'EVT-A6BB485B', 'ABSENT', 0, 'MANUAL', NULL, NULL, NULL, NULL),
('ATT-D3AAA4AC', '2024M0950', 'EVT-A6BB485B', 'ABSENT', 0, 'MANUAL', NULL, NULL, NULL, NULL),
('ATT-D409DA3F', '2022M0583', 'EVT-A6BB485B', 'ABSENT', 0, 'MANUAL', NULL, NULL, NULL, NULL),
('ATT-D42DDC4F', '2023M0279', 'EVT-A6BB485B', 'ABSENT', 0, 'MANUAL', NULL, NULL, NULL, NULL),
('ATT-D484D7BF', '2023M1508', 'EVT-A6BB485B', 'ABSENT', 0, 'MANUAL', NULL, NULL, NULL, NULL),
('ATT-D4BB7B1E', '2024M0928', 'EVT-A6BB485B', 'ABSENT', 0, 'MANUAL', NULL, NULL, NULL, NULL),
('ATT-D4C8739A', '2023M1431', 'EVT-A6BB485B', 'ABSENT', 0, 'MANUAL', NULL, NULL, NULL, NULL),
('ATT-D4CF6DB7', '2023M0877', 'EVT-A6BB485B', 'ABSENT', 0, 'MANUAL', NULL, NULL, NULL, NULL),
('ATT-D4E03422', '2023M0747', 'EVT-A6BB485B', 'ABSENT', 0, 'MANUAL', NULL, NULL, NULL, NULL),
('ATT-D4E2E3DE', '2022M0429', 'EVT-A6BB485B', 'ABSENT', 0, 'MANUAL', NULL, NULL, NULL, NULL),
('ATT-D4F06E3C', '2024M0910', 'EVT-A6BB485B', 'ABSENT', 0, 'MANUAL', NULL, NULL, NULL, NULL),
('ATT-D523531E', '2023M0313', 'EVT-A6BB485B', 'ABSENT', 0, 'MANUAL', NULL, NULL, NULL, NULL),
('ATT-D52D1C90', '2022M0043', 'EVT-A6BB485B', 'ABSENT', 0, 'MANUAL', NULL, NULL, NULL, NULL),
('ATT-D558535A', '2023M0741', 'EVT-A6BB485B', 'ABSENT', 0, 'MANUAL', NULL, NULL, NULL, NULL),
('ATT-D57904E2', '2022M0040', 'EVT-A6BB485B', 'ABSENT', 0, 'MANUAL', NULL, NULL, NULL, NULL),
('ATT-D584D8C8', '2024M0969', 'EVT-A6BB485B', 'ABSENT', 0, 'MANUAL', NULL, NULL, NULL, NULL),
('ATT-D6B8097C', '2023M0440', 'EVT-A6BB485B', 'ABSENT', 0, 'MANUAL', NULL, NULL, NULL, NULL),
('ATT-D6DCEC9F', '2023M0473', 'EVT-A6BB485B', 'ABSENT', 0, 'MANUAL', NULL, NULL, NULL, NULL),
('ATT-D7514AC9', '2023M1047', 'EVT-A6BB485B', 'ABSENT', 0, 'MANUAL', NULL, NULL, NULL, NULL),
('ATT-D7771142', '2023M0811', 'EVT-A6BB485B', 'ABSENT', 0, 'MANUAL', NULL, NULL, NULL, NULL),
('ATT-D77BCFA2', '2023M1466', 'EVT-A6BB485B', 'ABSENT', 0, 'MANUAL', NULL, NULL, NULL, NULL),
('ATT-D7813F3B', '2023M0447', 'EVT-A6BB485B', 'ABSENT', 0, 'MANUAL', NULL, NULL, NULL, NULL),
('ATT-D78BDE4F', '2023M0465', 'EVT-A6BB485B', 'ABSENT', 0, 'MANUAL', NULL, NULL, NULL, NULL),
('ATT-D7C54392', '2022M0415', 'EVT-A6BB485B', 'ABSENT', 0, 'MANUAL', NULL, NULL, NULL, NULL),
('ATT-D7C85300', '2022M0089', 'EVT-A6BB485B', 'ABSENT', 0, 'MANUAL', NULL, NULL, NULL, NULL),
('ATT-D7D8CBC7', '2022M0290', 'EVT-A6BB485B', 'ABSENT', 0, 'MANUAL', NULL, NULL, NULL, NULL),
('ATT-D8183AE0', '2024M0745', 'EVT-A6BB485B', 'ABSENT', 0, 'MANUAL', NULL, NULL, NULL, NULL),
('ATT-D81C2973', '2023M0240', 'EVT-A6BB485B', 'ABSENT', 0, 'MANUAL', NULL, NULL, NULL, NULL),
('ATT-D835BC23', '2022M0104', 'EVT-A6BB485B', 'ABSENT', 0, 'MANUAL', NULL, NULL, NULL, NULL),
('ATT-D86BFC0C', '2023M1523', 'EVT-A6BB485B', 'ABSENT', 0, 'MANUAL', NULL, NULL, NULL, NULL),
('ATT-D88EB249', '2022M0421', 'EVT-A6BB485B', 'ABSENT', 0, 'MANUAL', NULL, NULL, NULL, NULL),
('ATT-D9504B60', '2024M1099', 'EVT-A6BB485B', 'ABSENT', 0, 'MANUAL', NULL, NULL, NULL, NULL),
('ATT-D985C079', '2024M0942', 'EVT-A6BB485B', 'ABSENT', 0, 'MANUAL', NULL, NULL, NULL, NULL),
('ATT-D9EDA3DB', '2023M1556', 'EVT-A6BB485B', 'ABSENT', 0, 'MANUAL', NULL, NULL, NULL, NULL),
('ATT-D9F8D21C', '2023M1507', 'EVT-A6BB485B', 'ABSENT', 0, 'MANUAL', NULL, NULL, NULL, NULL),
('ATT-DA1EF9D7', '2021M0660', 'EVT-A6BB485B', 'ABSENT', 0, 'MANUAL', NULL, NULL, NULL, NULL),
('ATT-DA2D4CAF', '2024M1203', 'EVT-A6BB485B', 'ABSENT', 0, 'MANUAL', NULL, NULL, NULL, NULL),
('ATT-DAB05228', '2023M1501', 'EVT-A6BB485B', 'ABSENT', 0, 'MANUAL', NULL, NULL, NULL, NULL),
('ATT-DAB834EF', '2024M1127', 'EVT-A6BB485B', 'ABSENT', 0, 'MANUAL', NULL, NULL, NULL, NULL),
('ATT-DC341A51', '2023M1048', 'EVT-A6BB485B', 'ABSENT', 0, 'MANUAL', NULL, NULL, NULL, NULL),
('ATT-DC4A559D', '2024M0771', 'EVT-A6BB485B', 'ABSENT', 0, 'MANUAL', NULL, NULL, NULL, NULL),
('ATT-DC843964', '2022M0024', 'EVT-A6BB485B', 'ABSENT', 0, 'MANUAL', NULL, NULL, NULL, NULL),
('ATT-DCBD888B', '2023M0266', 'EVT-A6BB485B', 'ABSENT', 0, 'MANUAL', NULL, NULL, NULL, NULL),
('ATT-DD1E8B73', '2023M1449', 'EVT-A6BB485B', 'ABSENT', 0, 'MANUAL', NULL, NULL, NULL, NULL),
('ATT-DDD677BF', '2023M1527', 'EVT-A6BB485B', 'ABSENT', 0, 'MANUAL', NULL, NULL, NULL, NULL),
('ATT-DF3F5118', '2024M0759', 'EVT-A6BB485B', 'ABSENT', 0, 'MANUAL', NULL, NULL, NULL, NULL),
('ATT-DF51CB30', '2023M1551', 'EVT-A6BB485B', 'ABSENT', 0, 'MANUAL', NULL, NULL, NULL, NULL),
('ATT-DFA900B8', '2022M052', 'EVT-A6BB485B', 'ABSENT', 0, 'MANUAL', NULL, NULL, NULL, NULL),
('ATT-E00A916B', '2024M1056', 'EVT-A6BB485B', 'ABSENT', 0, 'MANUAL', NULL, NULL, NULL, NULL),
('ATT-E070C1FD', '2017-0043-HS', 'EVT-A6BB485B', 'LATE', 0, 'RFID', '2025-12-12 16:47:43', '2025-12-12 17:06:57', 'AM', 'TIME_IN'),
('ATT-E07B62BC', '2024M1102', 'EVT-A6BB485B', 'ABSENT', 0, 'MANUAL', NULL, NULL, NULL, NULL),
('ATT-E0B6EFB4', '2022M0130', 'EVT-A6BB485B', 'ABSENT', 0, 'MANUAL', NULL, NULL, NULL, NULL),
('ATT-E0D3604D', '2024M0764', 'EVT-A6BB485B', 'ABSENT', 0, 'MANUAL', NULL, NULL, NULL, NULL),
('ATT-E0F22207', '2024M1549', 'EVT-A6BB485B', 'ABSENT', 0, 'MANUAL', NULL, NULL, NULL, NULL),
('ATT-E19500FB', '2022M0097', 'EVT-A6BB485B', 'ABSENT', 0, 'MANUAL', NULL, NULL, NULL, NULL),
('ATT-E1AD10E1', '2023M1542', 'EVT-A6BB485B', 'ABSENT', 0, 'MANUAL', NULL, NULL, NULL, NULL),
('ATT-E1CF7E8C', '2023M1054', 'EVT-A6BB485B', 'ABSENT', 0, 'MANUAL', NULL, NULL, NULL, NULL),
('ATT-E224751D', '2023M1519', 'EVT-A6BB485B', 'ABSENT', 0, 'MANUAL', NULL, NULL, NULL, NULL),
('ATT-E22CF30B', '2023M1445', 'EVT-A6BB485B', 'ABSENT', 0, 'MANUAL', NULL, NULL, NULL, NULL),
('ATT-E22EBE05', '2022M492', 'EVT-A6BB485B', 'ABSENT', 0, 'MANUAL', NULL, NULL, NULL, NULL),
('ATT-E279B27D', '2023M0287', 'EVT-A6BB485B', 'ABSENT', 0, 'MANUAL', NULL, NULL, NULL, NULL),
('ATT-E36EE701', '2024M0896', 'EVT-A6BB485B', 'ABSENT', 0, 'MANUAL', NULL, NULL, NULL, NULL),
('ATT-E3AB702A', '2022M0039', 'EVT-A6BB485B', 'ABSENT', 0, 'MANUAL', NULL, NULL, NULL, NULL),
('ATT-E3B0A312', '2024M0770', 'EVT-A6BB485B', 'ABSENT', 0, 'MANUAL', NULL, NULL, NULL, NULL),
('ATT-E3B8A887', '2024M0918', 'EVT-A6BB485B', 'ABSENT', 0, 'MANUAL', NULL, NULL, NULL, NULL),
('ATT-E43AC519', '2023M1455', 'EVT-A6BB485B', 'ABSENT', 0, 'MANUAL', NULL, NULL, NULL, NULL),
('ATT-E4C134EA', '2023M1270', 'EVT-A6BB485B', 'ABSENT', 0, 'MANUAL', NULL, NULL, NULL, NULL),
('ATT-E4CF519B', '2023M0375', 'EVT-A6BB485B', 'ABSENT', 0, 'MANUAL', NULL, NULL, NULL, NULL),
('ATT-E4F01F04', '2023M0491', 'EVT-A6BB485B', 'ABSENT', 0, 'MANUAL', NULL, NULL, NULL, NULL),
('ATT-E5757882', '2024M0786', 'EVT-A6BB485B', 'ABSENT', 0, 'MANUAL', NULL, NULL, NULL, NULL),
('ATT-E59137D0', '2024M0890', 'EVT-A6BB485B', 'ABSENT', 0, 'MANUAL', NULL, NULL, NULL, NULL),
('ATT-E59A7DB9', '2024M0936', 'EVT-A6BB485B', 'ABSENT', 0, 'MANUAL', NULL, NULL, NULL, NULL),
('ATT-E5C8B905', '2023M0738', 'EVT-A6BB485B', 'ABSENT', 0, 'MANUAL', NULL, NULL, NULL, NULL),
('ATT-E655FAFC', '2023M1448', 'EVT-A6BB485B', 'ABSENT', 0, 'MANUAL', NULL, NULL, NULL, NULL),
('ATT-E6805830', '2023M0438', 'EVT-A6BB485B', 'ABSENT', 0, 'MANUAL', NULL, NULL, NULL, NULL),
('ATT-E68CE6DA', '2023M1511', 'EVT-A6BB485B', 'ABSENT', 0, 'MANUAL', NULL, NULL, NULL, NULL),
('ATT-E6B6BEC6', '2024M1110', 'EVT-A6BB485B', 'ABSENT', 0, 'MANUAL', NULL, NULL, NULL, NULL),
('ATT-E6D62301', '2023M0253', 'EVT-A6BB485B', 'ABSENT', 0, 'MANUAL', NULL, NULL, NULL, NULL),
('ATT-E7CA7880', '2023M0370', 'EVT-A6BB485B', 'ABSENT', 0, 'MANUAL', NULL, NULL, NULL, NULL),
('ATT-E8058601', '2023M1553', 'EVT-A6BB485B', 'ABSENT', 0, 'MANUAL', NULL, NULL, NULL, NULL),
('ATT-E8391858', '2023M0365', 'EVT-A6BB485B', 'ABSENT', 0, 'MANUAL', NULL, NULL, NULL, NULL),
('ATT-E8449BBD', '2022M0027', 'EVT-A6BB485B', 'ABSENT', 0, 'MANUAL', NULL, NULL, NULL, NULL),
('ATT-E878DCC3', '2022M0432', 'EVT-A6BB485B', 'ABSENT', 0, 'MANUAL', NULL, NULL, NULL, NULL),
('ATT-E9198C3D', '2022M0147', 'EVT-A6BB485B', 'ABSENT', 0, 'MANUAL', NULL, NULL, NULL, NULL),
('ATT-E947E058', '2024M1055', 'EVT-A6BB485B', 'ABSENT', 0, 'MANUAL', NULL, NULL, NULL, NULL),
('ATT-E9B6820E', '2023M1471', 'EVT-A6BB485B', 'ABSENT', 0, 'MANUAL', NULL, NULL, NULL, NULL),
('ATT-EA03ECC1', '2017-0043-HS', 'EVT-A6BB485B', 'LATE', 0, 'RFID', '2025-12-12 16:47:32', NULL, 'AM', 'TIME_IN'),
('ATT-EA3578E5', '2023M0705', 'EVT-A6BB485B', 'ABSENT', 0, 'MANUAL', NULL, NULL, NULL, NULL),
('ATT-EB05E1B3', '2023M1475', 'EVT-A6BB485B', 'ABSENT', 0, 'MANUAL', NULL, NULL, NULL, NULL),
('ATT-EB577E1B', '2023M0753', 'EVT-A6BB485B', 'ABSENT', 0, 'MANUAL', NULL, NULL, NULL, NULL),
('ATT-EBF06688', '2024M2097', 'EVT-A6BB485B', 'ABSENT', 0, 'MANUAL', NULL, NULL, NULL, NULL),
('ATT-EC6622ED', '2023M1462', 'EVT-A6BB485B', 'ABSENT', 0, 'MANUAL', NULL, NULL, NULL, NULL),
('ATT-EC743B69', '2024M1119', 'EVT-A6BB485B', 'ABSENT', 0, 'MANUAL', NULL, NULL, NULL, NULL),
('ATT-EC84B502', '2024M0904', 'EVT-A6BB485B', 'ABSENT', 0, 'MANUAL', NULL, NULL, NULL, NULL),
('ATT-EC8A880A', '2023M0719', 'EVT-A6BB485B', 'ABSENT', 0, 'MANUAL', NULL, NULL, NULL, NULL),
('ATT-ECC09091', '2024M0931', 'EVT-A6BB485B', 'ABSENT', 0, 'MANUAL', NULL, NULL, NULL, NULL),
('ATT-ECFEC7D4', '2022M0136', 'EVT-A6BB485B', 'ABSENT', 0, 'MANUAL', NULL, NULL, NULL, NULL),
('ATT-ED0F7FE7', '2023M0429', 'EVT-A6BB485B', 'ABSENT', 0, 'MANUAL', NULL, NULL, NULL, NULL),
('ATT-ED2333B1', '2023M1763', 'EVT-A6BB485B', 'ABSENT', 0, 'MANUAL', NULL, NULL, NULL, NULL),
('ATT-ED46C5FB', '2022M0002', 'EVT-A6BB485B', 'ABSENT', 0, 'MANUAL', NULL, NULL, NULL, NULL),
('ATT-ED9068BC', '2023M0452', 'EVT-A6BB485B', 'ABSENT', 0, 'MANUAL', NULL, NULL, NULL, NULL),
('ATT-EDA27F63', '2023M1044', 'EVT-A6BB485B', 'ABSENT', 0, 'MANUAL', NULL, NULL, NULL, NULL),
('ATT-EDA92474', '2023M1476', 'EVT-A6BB485B', 'ABSENT', 0, 'MANUAL', NULL, NULL, NULL, NULL),
('ATT-EDD737A5', '2023M1025', 'EVT-A6BB485B', 'ABSENT', 0, 'MANUAL', NULL, NULL, NULL, NULL),
('ATT-EDEDBD55', '2024M0790', 'EVT-A6BB485B', 'ABSENT', 0, 'MANUAL', NULL, NULL, NULL, NULL),
('ATT-EE07C232', '2023M1494', 'EVT-A6BB485B', 'ABSENT', 0, 'MANUAL', NULL, NULL, NULL, NULL),
('ATT-EE252EB6', '2023M1029', 'EVT-A6BB485B', 'ABSENT', 0, 'MANUAL', NULL, NULL, NULL, NULL),
('ATT-EE6CB364', '2024M0916', 'EVT-A6BB485B', 'ABSENT', 0, 'MANUAL', NULL, NULL, NULL, NULL),
('ATT-EEB96231', '2023M1477', 'EVT-A6BB485B', 'ABSENT', 0, 'MANUAL', NULL, NULL, NULL, NULL),
('ATT-EF0469F4', '2023M1458', 'EVT-A6BB485B', 'ABSENT', 0, 'MANUAL', NULL, NULL, NULL, NULL),
('ATT-EF09DDA9', '2023M1443', 'EVT-A6BB485B', 'ABSENT', 0, 'MANUAL', NULL, NULL, NULL, NULL),
('ATT-EFC2C071', '2024M1093', 'EVT-A6BB485B', 'ABSENT', 0, 'MANUAL', NULL, NULL, NULL, NULL),
('ATT-F02BAA7E', '2023M1444', 'EVT-A6BB485B', 'ABSENT', 0, 'MANUAL', NULL, NULL, NULL, NULL),
('ATT-F0EA92F3', '2023M1026', 'EVT-A6BB485B', 'ABSENT', 0, 'MANUAL', NULL, NULL, NULL, NULL),
('ATT-F11AECB6', '2023M0448', 'EVT-A6BB485B', 'ABSENT', 0, 'MANUAL', NULL, NULL, NULL, NULL),
('ATT-F1DE22EA', '2022M0286', 'EVT-A6BB485B', 'ABSENT', 0, 'MANUAL', NULL, NULL, NULL, NULL),
('ATT-F20CA8A3', '2024M0784', 'EVT-A6BB485B', 'ABSENT', 0, 'MANUAL', NULL, NULL, NULL, NULL),
('ATT-F24A2466', '2023M1504', 'EVT-A6BB485B', 'ABSENT', 0, 'MANUAL', NULL, NULL, NULL, NULL),
('ATT-F3138A15', '2022M0128', 'EVT-A6BB485B', 'ABSENT', 0, 'MANUAL', NULL, NULL, NULL, NULL),
('ATT-F372843B', '2023M2073', 'EVT-A6BB485B', 'ABSENT', 0, 'MANUAL', NULL, NULL, NULL, NULL),
('ATT-F39AAEE8', '2023M1505', 'EVT-A6BB485B', 'ABSENT', 0, 'MANUAL', NULL, NULL, NULL, NULL),
('ATT-F39FB657', '2023M0290', 'EVT-A6BB485B', 'ABSENT', 0, 'MANUAL', NULL, NULL, NULL, NULL),
('ATT-F3EFDC0D', '2023M1558', 'EVT-A6BB485B', 'ABSENT', 0, 'MANUAL', NULL, NULL, NULL, NULL),
('ATT-F42440DA', '2024M1146', 'EVT-A6BB485B', 'ABSENT', 0, 'MANUAL', NULL, NULL, NULL, NULL),
('ATT-F4CF7029', '2024M1145', 'EVT-A6BB485B', 'ABSENT', 0, 'MANUAL', NULL, NULL, NULL, NULL),
('ATT-F57216D7', '2022M0126', 'EVT-A6BB485B', 'ABSENT', 0, 'MANUAL', NULL, NULL, NULL, NULL),
('ATT-F5BD445C', '2024M0750', 'EVT-A6BB485B', 'ABSENT', 0, 'MANUAL', NULL, NULL, NULL, NULL),
('ATT-F6DB61AF', '2022M0131', 'EVT-A6BB485B', 'ABSENT', 0, 'MANUAL', NULL, NULL, NULL, NULL),
('ATT-F7E71B90', '2023M0771', 'EVT-A6BB485B', 'ABSENT', 0, 'MANUAL', NULL, NULL, NULL, NULL),
('ATT-F7FA9EEA', '2022M0069', 'EVT-A6BB485B', 'ABSENT', 0, 'MANUAL', NULL, NULL, NULL, NULL),
('ATT-F80FD9D1', '2022M0103', 'EVT-A6BB485B', 'ABSENT', 0, 'MANUAL', NULL, NULL, NULL, NULL),
('ATT-F858764A', '2023M1464', 'EVT-A6BB485B', 'ABSENT', 0, 'MANUAL', NULL, NULL, NULL, NULL),
('ATT-F8BD1BE8', '2023M1460', 'EVT-A6BB485B', 'ABSENT', 0, 'MANUAL', NULL, NULL, NULL, NULL),
('ATT-F8F750BE', '2024M0898', 'EVT-A6BB485B', 'ABSENT', 0, 'MANUAL', NULL, NULL, NULL, NULL),
('ATT-F96D0A36', '2021M0493', 'EVT-A6BB485B', 'ABSENT', 0, 'MANUAL', NULL, NULL, NULL, NULL),
('ATT-FA421F92', '2024M0920', 'EVT-A6BB485B', 'ABSENT', 0, 'MANUAL', NULL, NULL, NULL, NULL),
('ATT-FA469268', '2024M1084', 'EVT-A6BB485B', 'ABSENT', 0, 'MANUAL', NULL, NULL, NULL, NULL),
('ATT-FA7C7EEE', '2023M0311', 'EVT-A6BB485B', 'ABSENT', 0, 'MANUAL', NULL, NULL, NULL, NULL),
('ATT-FA8FC312', '2022M0061', 'EVT-A6BB485B', 'ABSENT', 0, 'MANUAL', NULL, NULL, NULL, NULL),
('ATT-FA9CEBD4', '2022M0066', 'EVT-A6BB485B', 'ABSENT', 0, 'MANUAL', NULL, NULL, NULL, NULL),
('ATT-FBE7CCD7', '2024M0781', 'EVT-A6BB485B', 'ABSENT', 0, 'MANUAL', NULL, NULL, NULL, NULL),
('ATT-FC029697', '2023M0274', 'EVT-A6BB485B', 'ABSENT', 0, 'MANUAL', NULL, NULL, NULL, NULL),
('ATT-FC3B057D', '2024M0796', 'EVT-A6BB485B', 'ABSENT', 0, 'MANUAL', NULL, NULL, NULL, NULL),
('ATT-FC47362B', '2020M0492', 'EVT-A6BB485B', 'LATE', 21, 'RFID', NULL, '2025-12-12 17:11:01', 'AM', 'TIME_OUT'),
('ATT-FCB0DC8A', '2024M0763', 'EVT-A6BB485B', 'ABSENT', 0, 'MANUAL', NULL, NULL, NULL, NULL),
('ATT-FCCE8ACF', '2023M1513', 'EVT-A6BB485B', 'ABSENT', 0, 'MANUAL', NULL, NULL, NULL, NULL),
('ATT-FD0564DE', '2023M0706', 'EVT-A6BB485B', 'ABSENT', 0, 'MANUAL', NULL, NULL, NULL, NULL),
('ATT-FD2BD975', '2023M1055', 'EVT-A6BB485B', 'ABSENT', 0, 'MANUAL', NULL, NULL, NULL, NULL),
('ATT-FD6877FA', '2023M1518', 'EVT-A6BB485B', 'ABSENT', 0, 'MANUAL', NULL, NULL, NULL, NULL),
('ATT-FE16FDD9', '2022M0135', 'EVT-A6BB485B', 'ABSENT', 0, 'MANUAL', NULL, NULL, NULL, NULL),
('ATT-FE483093', '2024M0789', 'EVT-A6BB485B', 'ABSENT', 0, 'MANUAL', NULL, NULL, NULL, NULL),
('ATT-FEB307E7', '2022M0018', 'EVT-A6BB485B', 'ABSENT', 0, 'MANUAL', NULL, NULL, NULL, NULL),
('ATT-FEBFD5E5', '2019M0952', 'EVT-A6BB485B', 'ABSENT', 0, 'MANUAL', NULL, NULL, NULL, NULL),
('ATT-FEF54E2B', '2023M0366', 'EVT-A6BB485B', 'ABSENT', 0, 'MANUAL', NULL, NULL, NULL, NULL),
('ATT-FF06C2F4', '2023M0470', 'EVT-A6BB485B', 'ABSENT', 0, 'MANUAL', NULL, NULL, NULL, NULL),
('ATT-FF1CCEBC', '2023M0725', 'EVT-A6BB485B', 'ABSENT', 0, 'MANUAL', NULL, NULL, NULL, NULL),
('ATT-FF2C5D4C', '2022M0248', 'EVT-A6BB485B', 'ABSENT', 0, 'MANUAL', NULL, NULL, NULL, NULL),
('ATT-FF45506E', '2024M0932', 'EVT-A6BB485B', 'ABSENT', 0, 'MANUAL', NULL, NULL, NULL, NULL),
('ATT-FFB9109E', '2023M0456', 'EVT-A6BB485B', 'ABSENT', 0, 'MANUAL', NULL, NULL, NULL, NULL),
('ATT-FFDF798B', '2022M0017', 'EVT-A6BB485B', 'ABSENT', 0, 'MANUAL', NULL, NULL, NULL, NULL);

-- --------------------------------------------------------

--
-- Table structure for table `community_service`
--

CREATE TABLE `community_service` (
  `service_id` varchar(50) NOT NULL,
  `stud_id` varchar(50) NOT NULL,
  `hours_rendered` int(11) NOT NULL,
  `credit_amount` decimal(10,2) NOT NULL,
  `date` date NOT NULL,
  `description` varchar(500) DEFAULT NULL
) ENGINE=InnoDB DEFAULT CHARSET=utf8mb4 COLLATE=utf8mb4_general_ci;

-- --------------------------------------------------------

--
-- Table structure for table `events`
--

CREATE TABLE `events` (
  `event_id` varchar(50) NOT NULL,
  `event_name` varchar(200) NOT NULL,
  `event_date` date NOT NULL,
  `am_time_in` time DEFAULT NULL,
  `am_time_out` time DEFAULT NULL,
  `pm_time_in` time DEFAULT NULL,
  `pm_time_out` time DEFAULT NULL,
  `semester` int(11) DEFAULT NULL,
  `school_year` varchar(10) DEFAULT NULL,
  `session_type` varchar(20) DEFAULT NULL COMMENT 'MORNING_ONLY, AFTERNOON_ONLY, BOTH',
  `time_in_start_am` time DEFAULT NULL,
  `time_in_stop_am` time DEFAULT NULL,
  `time_out_start_am` time DEFAULT NULL,
  `time_out_stop_am` time DEFAULT NULL,
  `time_in_start_pm` time DEFAULT NULL,
  `time_in_stop_pm` time DEFAULT NULL,
  `time_out_start_pm` time DEFAULT NULL,
  `time_out_stop_pm` time DEFAULT NULL,
  `fine_amount_absent` decimal(10,2) DEFAULT NULL,
  `fine_amount_late` decimal(10,2) DEFAULT NULL,
  `finalized` tinyint(1) DEFAULT 0
) ENGINE=InnoDB DEFAULT CHARSET=utf8mb4 COLLATE=utf8mb4_general_ci;

--
-- Dumping data for table `events`
--

INSERT INTO `events` (`event_id`, `event_name`, `event_date`, `am_time_in`, `am_time_out`, `pm_time_in`, `pm_time_out`, `semester`, `school_year`, `session_type`, `time_in_start_am`, `time_in_stop_am`, `time_out_start_am`, `time_out_stop_am`, `time_in_start_pm`, `time_in_stop_pm`, `time_out_start_pm`, `time_out_stop_pm`, `fine_amount_absent`, `fine_amount_late`, `finalized`) VALUES
('EVT-7E1BEDA7', 'Tiringbanay', '2025-12-12', NULL, NULL, NULL, NULL, 1, '2025-2026', 'MORNING_ONLY', '23:50:00', '01:50:00', '23:50:00', '23:50:00', NULL, NULL, NULL, NULL, NULL, NULL, 0),
('EVT-A6BB485B', 'Tiri', '2025-12-13', NULL, NULL, NULL, NULL, 1, '2025-2026', 'MORNING_ONLY', '00:47:00', '00:47:00', '00:47:00', '00:47:00', NULL, NULL, NULL, NULL, NULL, NULL, 1);

-- --------------------------------------------------------

--
-- Table structure for table `fines`
--

CREATE TABLE `fines` (
  `fine_id` varchar(50) NOT NULL,
  `transaction_id` varchar(50) NOT NULL,
  `stud_id` varchar(50) NOT NULL,
  `event_id` varchar(50) NOT NULL,
  `amount` decimal(10,2) NOT NULL,
  `date` date NOT NULL
) ENGINE=InnoDB DEFAULT CHARSET=utf8mb4 COLLATE=utf8mb4_general_ci;

-- --------------------------------------------------------

--
-- Table structure for table `payments`
--

CREATE TABLE `payments` (
  `payment_id` varchar(50) NOT NULL,
  `transaction_id` varchar(50) NOT NULL,
  `stud_id` varchar(50) NOT NULL,
  `amount` decimal(10,2) NOT NULL,
  `or_number` varchar(50) NOT NULL,
  `date` date NOT NULL
) ENGINE=InnoDB DEFAULT CHARSET=utf8mb4 COLLATE=utf8mb4_general_ci;

-- --------------------------------------------------------

--
-- Table structure for table `students`
--

CREATE TABLE `students` (
  `stud_id` varchar(50) NOT NULL,
  `first_name` varchar(100) NOT NULL,
  `last_name` varchar(100) NOT NULL,
  `course` varchar(100) NOT NULL,
  `rfid_tag` varchar(50) DEFAULT NULL,
  `year_level` varchar(20) NOT NULL DEFAULT '1st',
  `section` varchar(10) NOT NULL DEFAULT 'A'
) ENGINE=InnoDB DEFAULT CHARSET=utf8mb4 COLLATE=utf8mb4_general_ci;

--
-- Dumping data for table `students`
--

INSERT INTO `students` (`stud_id`, `first_name`, `last_name`, `course`, `rfid_tag`, `year_level`, `section`) VALUES
('2016-0041-HS', 'Erle Jan Alba', 'Hibionada', 'BSEMC', '97562931', '4', 'A'),
('2017-0002-HS', 'Thea Marie M.', 'Salazar', 'BSEMC', NULL, '3', 'A'),
('2017-0043-HS', 'Paul Vincent G.', 'Lunaspe', 'BSIT', '3679547332', '3', 'A'),
('2018-0050-HS', 'Marey Florence R.', 'LosaEs', 'BSCS', '3488731830', '2', 'A'),
('2018-0105-SH', 'Cj Anthony Destao', 'Asis', 'BSEMC', '98020819', '4', 'A'),
('2018M1062', 'Mariamiah Grace', 'Abrio', 'BLIS', '4134180868', '3', 'A'),
('2019M0952', 'Paul Ernest Bordon', 'Dureza', 'BSEMC', '2422535011', '4', 'A'),
('2019M1022', 'Frederic M.', 'Maulas', 'BSIS', '3678715940', '3', 'B'),
('2020M0422', 'Hanna Alyssa Arcenas', 'Bermejo', 'BSIT', NULL, '4', 'A'),
('2020M0492', 'John Albert Tiburcio', 'Claveria', 'BSCS', '727618259', '4', 'B'),
('2020M1336', 'Kelly John  Escrupolo', 'Noca', 'BSIS', '86392563', '4', 'A'),
('2020M1615', 'Chris Daniel M.', 'Apin', 'BSIT', '3677346196', '3', 'B'),
('2020M1735', 'Sergei Benjamin Salazar', 'TabaAr', 'BSIT', '2419534675', '4', 'A'),
('2021M0104', 'Laiza Joy Echeberi', 'Sendin', 'BLIS', NULL, '4', 'A'),
('2021M0493', 'Danela Maariz M.', 'Bermul', 'BSIS', '3679457172', '3', 'A'),
('2021M0648', 'Althea Jane Roselo', 'Trinidad', 'BSIS', '737665683', '4', 'A'),
('2021M0660', 'Joshua Prinze Celestial', 'Calibjo', 'BSCS', '98679139', '4', 'B'),
('2021M1751', 'Els Dave Buri', 'Constantino', 'BSCS', NULL, '4', 'A'),
('2022M0001', 'Genine Lynelle Cabantug', 'Cabantug', 'BSIT', '91311331', '4', 'B'),
('2022M0002', 'Kianne Maye Balsomo', 'De Los Reyes', 'BSIT', '705143779', '4', 'A'),
('2022M0003', 'Kristel Mae Casianan', 'Lim', 'BSIT', '92522259', '4', 'B'),
('2022M0004', 'Rhazel May Basal', 'Despi', 'BSIT', '704843075', '4', 'A'),
('2022M0006', 'Mark Angelo Quiman', 'Servando', 'BSIT', '3973392993', '4', 'B'),
('2022M0007', 'Sheena Solina', 'Salao', 'BSIS', '726533027', '4', 'B'),
('2022M0008', 'Bem Noveree  Perales', 'Pornel', 'BSIS', '3958364529', '4', 'A'),
('2022M0009', 'Patrick Joseph Noble', 'Napud', 'BSCS', NULL, '4', 'B'),
('2022M0010', 'Ashley Denise Borbon', 'Feliciano', 'BSCS', NULL, '4', 'B'),
('2022M0011', 'Lord Patrick Raizen Golipatan', 'Togonon', 'BSCS', '742830995', '4', 'B'),
('2022M0012', 'Oliver Paracale', 'Ladores', 'BSCS', '89753491', '4', 'A'),
('2022M0013', 'Marben Jhon Tiongson', 'Ledesma', 'BSIT', '737463235', '4', 'B'),
('2022M0014', 'Jill Valente', 'Navarra', 'BSCS', '725968563', '4', 'B'),
('2022M0015', 'Ralph Pablo Omahoy', 'Carbo', 'BSCS', '740671667', '4', 'B'),
('2022M0016', 'John Paul Tan', 'Sapasap', 'BSCS', '97059747', '4', 'B'),
('2022M0017', 'Keane Emanuel Enargan', 'Dalisay', 'BSCS', '107954675', '4', 'B'),
('2022M0018', 'Mherlie Joy Umali', 'Chavez', 'BSCS', '2422212067', '4', 'A'),
('2022M0019', 'Ellarie Merja', 'Suero', 'BSEMC', '2650244353', '4', 'A'),
('2022M0020', 'John Patrick Jomantoc', 'Capulot', 'BSEMC', '104476307', '4', 'A'),
('2022M0021', 'Mel Joseph  Cervantes', 'Tatud', 'BSEMC', '3960171809', '4', 'A'),
('2022M0022', 'Sherica Anne Chantal Matta', 'DuGo', 'BSEMC', '97232451', '4', 'A'),
('2022M0024', 'Rica Pearl Espole', 'Alamo', 'BSIS', '734737187', '4', 'A'),
('2022M0025', 'Stephanie Kyla Cordero', 'Belleza', 'BSIS', '3958888657', '4', 'A'),
('2022M0026', 'Jemmar Valentin', 'Padernal', 'BSIS', '105481107', '4', 'B'),
('2022M0027', 'Jonel Cabodillo', 'Pabulayan', 'BSIS', '3961284001', '4', 'A'),
('2022M0028', 'Angelo Lamatao', 'Cawa', 'BSIS', '98653075', '4', 'B'),
('2022M0030', 'Eljayne Beltran', 'Daza', 'BSIS', '725068595', '4', 'B'),
('2022M0031', 'Blanca Genova', 'Fuentes', 'BLIS', '2423241859', '4', 'A'),
('2022M0032', 'Francis Ken Lamprea', 'Payunan', 'BLIS', '2649488705', '4', 'A'),
('2022M0033', 'Juliana Mae Acuyado', 'Villanueva', 'BSIT', '705753347', '4', 'A'),
('2022M0034', 'Edrianne Luise Daliva', 'Parales', 'BSIT', '89067267', '4', 'B'),
('2022M0035', 'John Kenneth Gallo', 'Balayon', 'BSIT', '104363875', '4', 'B'),
('2022M0036', 'Kenshin Jay Deferia', 'Jover', 'BSIT', NULL, '4', 'A'),
('2022M0037', 'Dave Matsa', 'Benedicto', 'BSIT', '105452739', '4', 'B'),
('2022M0038', 'Reynan Lucernas', 'Dalida', 'BSIT', '30038', '4', 'A'),
('2022M0039', 'Christa Isabelle Marin', 'Artaba', 'BSIT', '94278147', '4', 'B'),
('2022M0040', 'Kent Jasper Apolinario', 'Abella', 'BSIT', '96057507', '4', 'A'),
('2022M0041', 'Alyanna Lois Hinayan', 'Geonanga', 'BSIT', '3961641377', '4', 'B'),
('2022M0042', 'Geraldine Louise Matin', 'Del Rio', 'BSIT', '3961085233', '4', 'B'),
('2022M0043', 'Mikel J\'Naed Anjzelo Agaza', 'Cahuya', 'BSIT', '105844579', '4', 'A'),
('2022M0044', 'Vincent Lloyd Blacano', 'Payo', 'BSIT', '88498451', '4', 'B'),
('2022M0045', 'Trixie Tabuena', 'De La Cruz', 'BSIT', '704900499', '4', 'B'),
('2022M0046', 'Nicole Ann Intenta', 'Seraspi', 'BSIT', '728778675', '4', 'A'),
('2022M0047', 'Rhesty John Jara', 'Fernandez', 'BSIT', '93538067', '4', 'A'),
('2022M0048', 'Margarita Mainar', 'Lizardo', 'BSIT', '742187123', '4', 'A'),
('2022M0049', 'John Pher Loyd Somes', 'Rangas', 'BSIT', '741975763', '4', 'A'),
('2022M0052', 'Cristopher Ian Jabadan', 'Artacho', 'BSCS', '734590547', '4', 'A'),
('2022M0053', 'John Manuel Pedroso', 'Carado', 'BSCS', '3961067777', '4', 'A'),
('2022M0055', 'Kurt David Sayco', 'Fadrigo', 'BSIT', '1430621315', '4', 'B'),
('2022M0056', 'Cyril Reynold Sucaldito', 'Trojillo', 'BSCS', '743367699', '4', 'B'),
('2022M0057', 'Earl John Torremoro', 'Rafael', 'BSIT', '727738963', '4', 'B'),
('2022M0058', 'Khee Jay Malimit', 'Galvez', 'BSCS', '740278675', '4', 'A'),
('2022M0060', 'Prince Alexander Dapat', 'Malatuba', 'BSCS', '733701763', '4', 'B'),
('2022M0061', 'Pauline Joy Oleo', 'Bautista', 'BSCS', '97314275', '4', 'B'),
('2022M0062', 'Joven Carl Rex Pasigna', 'Biaca', 'BSCS', '92603523', '4', 'B'),
('2022M0063', 'Thea Kaith Franchette  Gabayeron', 'Selerio', 'BSCS', '2423386819', '4', 'B'),
('2022M0064', 'Matthew Andrei Octaviano', 'Valencia', 'BSCS', '88476707', '4', 'B'),
('2022M0065', 'Mauricio Manuel  Fellores', 'Bergancia', 'BSCS', '2420703219', '4', 'A'),
('2022M0066', 'Rhazel Jay Villapando', 'Gumacal', 'BSCS', '87404915', '4', 'A'),
('2022M0067', 'Julius Ralph Babor', 'Alama', 'BSEMC', '3975370305', '4', 'A'),
('2022M0068', 'Vincent Blaise Reyes', 'Geonanga', 'BSEMC', '3975427569', '4', 'A'),
('2022M0069', 'Christel Shaira Abayon', 'Ledesma', 'BSEMC', '98581427', '4', 'A'),
('2022M0089', 'Juliana Marie Altillero', 'Jabagat', 'BLIS', '2650231521', '4', 'A'),
('2022M0090', 'Jeannie Desiree Lozada', 'Selim', 'BLIS', '2650349249', '4', 'A'),
('2022M0091', 'James Francis Jereh Ebarle', 'Llabore', 'BLIS', '740190195', '4', 'A'),
('2022M0092', 'John Andrew Emmanuel Banday', 'Avelino', 'BSIS', NULL, '4', 'A'),
('2022M0094', 'Trisha Gonzales', 'Rubiato', 'BSIS', '1431901731', '4', 'B'),
('2022M0095', 'Rj Marc Villanueva', 'Daligdig', 'BSIS', '90256259', '4', 'A'),
('2022M0096', 'Dianna Rose Alejandro', 'Souribio', 'BSIS', '2422051731', '4', 'A'),
('2022M0097', 'Rimalyn Montialbucio', 'Magallamento', 'BSIS', '107241011', '4', 'B'),
('2022M0098', 'Kristine Anne Jalando-On', 'Laguna', 'BSIS', NULL, '4', 'A'),
('2022M0099', 'Harvey Kim  Tubongbanua', 'Solano', 'BSIS', '727939459', '4', 'A'),
('2022M0100', 'Kean Elijah Tugado', 'Janaban', 'BSIT', '1433795155', '4', 'B'),
('2022M0101', 'Charace Delfin', 'Tolentino', 'BSIT', '92042051', '4', 'A'),
('2022M0102', 'Verna Marie Martir', 'Zarceno', 'BSIT', '30102', '4', 'B'),
('2022M0103', 'Uriel Exmundo', 'Amoroso', 'BSIT', '742663699', '4', 'A'),
('2022M0104', 'Neste Joy', 'Tolentino', 'BSIT', '3960232353', '4', 'B'),
('2022M0105', 'Theodore Dominic Gendrala', 'Ebojo', 'BSIT', '108448195', '4', 'B'),
('2022M0106', 'Dave Amolar', 'Ciales', 'BSIT', '97631635', '4', 'A'),
('2022M0124', 'Lemmuel Dave Nopueto', 'DaOsos', 'BSCS', '108660787', '4', 'A'),
('2022M0125', 'Domenic  Robia', 'Taganahan', 'BSCS', '3959719217', '4', 'B'),
('2022M0126', '', 'Billena', 'BSCS', '2420778019', '4', 'A'),
('2022M0127', 'Michael Rey Tusi', 'Tuando', 'BSCS', '729233843', '4', 'A'),
('2022M0128', 'Rei Ebenezer  Gervacio', 'Duhina', 'BSCS', '91893075', '4', 'B'),
('2022M0129', 'Christian Angelo Rellon', 'Panique', 'BSCS', '96098451', '4', 'A'),
('2022M0130', 'Edna Joyce Ballesteros', 'Boteros', 'BSIS', '740620547', '4', 'B'),
('2022M0131', 'Jelena Jane Artieda', 'Montuya', 'BSIS', '96937459', '4', 'B'),
('2022M0135', 'Charmie Babiarte', 'Continente', 'BSIT', '738344707', '4', 'B'),
('2022M0136', 'Daven Jerhrude Padernal', 'Lozada', 'BSIT', '737628019', '4', 'B'),
('2022M0137', 'Eric Servita', 'Elevencione', 'BSIS', '107985891', '4', 'A'),
('2022M0138', 'Arabella Trixie Cordon', 'Sabisol', 'BSIS', '91817683', '4', 'A'),
('2022M0139', 'Jane Rose Secaluya', 'Salazar', 'BSIS', '734314451', '4', 'A'),
('2022M0141', 'Mariane Faith  Seloterio', 'Torreverde', 'BSCS', '727834883', '4', 'A'),
('2022M0142', 'Mark Andrei Villavicencio', 'Encanto', 'BSCS', '106215827', '4', 'A'),
('2022M0143', 'Allan Andrews Nambatac', 'Tacuel', 'BSCS', '742355955', '4', 'A'),
('2022M0144', 'Marc Joshua Heruela', 'Escueta', 'BSCS', '727686003', '4', 'B'),
('2022M0145', 'Jephone Israel Jireh Sobrejuanite', 'Torre', 'BSCS', '88296339', '4', 'A'),
('2022M0146', 'John Kevin  Doloso', 'Langurayan', 'BSEMC', '705913491', '4', 'A'),
('2022M0147', 'Maria Consuelo Angelitud', 'Mangonon', 'BSIS', '737764243', '4', 'A'),
('2022M0148', 'Aaron Paul  Manalo', 'Villanueva', 'BSIS', '94497651', '4', 'A'),
('2022M0149', 'Reziel Wendy Sibuan', 'Casamorin', 'BSIT', '102258771', '4', 'B'),
('2022M0150', 'Bj Louis Escanillas', 'Marcellana', 'BSIT', '102216387', '4', 'A'),
('2022M0151', 'Jhon Biancent Granada', 'Recede', 'BSIT', '2423819171', '4', 'B'),
('2022M0165', 'Doane Marie Ibarra', 'Horlador', 'BSIT', '3679512532', '4', 'B'),
('2022M0166', 'Ken Cyron Hualde', 'Abenito', 'BSIT', '705182547', '4', 'B'),
('2022M0191', 'Margaux Oriana Yap', 'Gasis', 'BSCS', '94052627', '4', 'B'),
('2022M0192', 'Gillie Sarentas', 'Calanuga', 'BSCS', '88460227', '4', 'A'),
('2022M0193', 'Fritz John Sindol', 'Simpas', 'BSIT', '2420664771', '4', 'A'),
('2022M0236', 'Sopie Angelie Janas', 'Espada', 'BLIS', '737676499', '4', 'A'),
('2022M0237', 'Chariz Dianne Dorado', 'Falco', 'BSCS', '1431151587', '4', 'A'),
('2022M0238', 'Mary Shanley Corneta', 'Sencil', 'BSIS', '107945411', '4', 'B'),
('2022M0240', 'Riza June Canillas', 'Espino', 'BSIS', '736365763', '4', 'B'),
('2022M0241', 'Jhan Philip Sucaldito', 'Sustiguer', 'BSIS', '705750915', '4', 'A'),
('2022M0243', 'Louise Kylle Gahum', 'Bulan', 'BSIT', '86788371', '4', 'A'),
('2022M0244', 'Paul Justin Acullador', 'Segura', 'BSIT', '737550835', '4', 'B'),
('2022M0247', 'Ram Wisdom Facurib', 'Nacis', 'BSIT', '728848099', '4', 'B'),
('2022M0248', 'Ed Carlo Nile Lazarte', 'Parcellano', 'BSIT', '705180931', '4', 'A'),
('2022M0250', 'Darwin Castro', 'Nifras', 'BSIS', '705879795', '4', 'B'),
('2022M0251', 'Kristine Joy Artieda', 'Casaquite', 'BSIS', '728165811', '4', 'A'),
('2022M0253', 'Thomas Dominic Sudario', 'Espinosa', 'BSEMC', '705174691', '4', 'A'),
('2022M0254', 'Vince Franco', 'Altarez', 'BSEMC', '99636963', '4', 'A'),
('2022M0256', 'Owie Bexlerr Tapis', 'Muyco', 'BSIS', '2420723443', '4', 'A'),
('2022M0257', 'Adrian', 'Clementir', 'BSIT', '3679714052', '4', 'B'),
('2022M0258', 'Jhules Lorenz Magcanam', 'Maquiran', 'BSIT', '90264147', '4', 'B'),
('2022M0259', 'Delfin Angelo Cabillan', 'Lamasan', 'BSIT', '2419528723', '4', 'A'),
('2022M0260', 'John Achilles Villanueva', 'Colon', 'BSIT', '99107139', '4', 'A'),
('2022M0275', 'Jirah Gallardo', 'CastaO', 'BLIS', '1430733347', '4', 'A'),
('2022M0276', 'Louise Angelika Penit', 'Pahilangga', 'BLIS', '1432215075', '4', 'A'),
('2022M0279', 'Aaron John Sequito', 'Azarcon', 'BSCS', '742361235', '4', 'B'),
('2022M0282', 'Cherilyn Marie Ferro', 'Deocampo', 'BSCS', '2421621411', '4', 'A'),
('2022M0283', 'Car Alinsod', 'Torres', 'BSCS', '704957523', '4', 'B'),
('2022M0284', 'Gem Win Moscoso', 'CaEte', 'BSCS', '2423871459', '4', 'B'),
('2022M0285', 'Selwyn G.', 'Tambalo', 'BSCS', NULL, '3', 'A'),
('2022M0286', 'Regino Zapa', 'Balogo Jr.', 'BSCS', '108428595', '4', 'A'),
('2022M0287', 'Kyle Francis Dionela', 'Concepcion', 'BSEMC', '2420343939', '4', 'A'),
('2022M0288', 'Yevgeny Ganancial', 'Solis', 'BSEMC', '704966499', '4', 'A'),
('2022M0289', 'Denielle James Sodusta', 'Sombiro', 'BSIS', '107832595', '4', 'B'),
('2022M0290', 'Jebeah Eve Soriano', 'Barriento', 'BSIS', '30290', '4', 'B'),
('2022M0291', 'Victoria Clarize Abellar', 'Lozada', 'BSIS', '96173683', '4', 'A'),
('2022M0292', 'Lance Gabriel Briones', 'Masigon', 'BSIS', '108341283', '4', 'B'),
('2022M0294', 'Paulo Cordova', 'Saballa', 'BSIT', '734827747', '4', 'A'),
('2022M0295', 'Jemmart Olano', 'Gumban', 'BSIT', '3679360804', '4', 'A'),
('2022M0414', 'Jed Andrew  Lamayo', 'Del Rosario', 'BSCS', '1431582835', '4', 'B'),
('2022M0415', 'Ethan Gabriel Esmalla', 'Soncio', 'BSCS', '91225619', '4', 'A'),
('2022M0418', 'Robert Maverick Tupas', 'Garcia', 'BSEMC', '94613859', '4', 'A'),
('2022M0419', 'Art Joshua Mayo', 'Esmael', 'BSEMC', '705202483', '4', 'A'),
('2022M0421', 'James Andrew Clarin', 'Dorado', 'BSIS', '2418380019', '4', 'B'),
('2022M0422', 'Nadinne  Camiros', 'Calaor', 'BSIS', '704106851', '4', 'A'),
('2022M0423', 'Jenny Rose Wong', 'Montille', 'BSIS', '1430593091', '4', 'A'),
('2022M0426', 'Augustine Seve Fuentebella', 'Kang Bacale', 'BSIT', '91337331', '4', 'B'),
('2022M0428', 'Joshua Anthony Garganera', 'Sasi', 'BSIT', '98753635', '4', 'A'),
('2022M0429', 'Jaden Subesa', 'Pacificar', 'BSIT', '108658723', '4', 'B'),
('2022M0430', 'Emille Rey Sta.Cruz', 'Gepigon', 'BSIT', '95729123', '4', 'A'),
('2022M0431', 'Jaziel Clyde Magno', 'Bernasol', 'BSIT', '98849891', '4', 'B'),
('2022M0432', 'Daniel Noel Bestar', 'Guillen', 'BSIT', '727947315', '4', 'B'),
('2022M0433', 'Leandro Jose Bayona', 'EreEta', 'BSIT', '725365747', '4', 'A'),
('2022M052', 'Reycel Beronio', 'Sarmiento', 'BSCS', '740549827', '4', 'A'),
('2022M0572', 'Tomme Wellart Ambrocio', 'Marcelo', 'BLIS', '97899955', '4', 'A'),
('2022M0573', 'Joshua Kyle Minerva', 'Lachica', 'BLIS', '92873715', '4', 'A'),
('2022M0574', 'Mg Pascual', 'BaAs', 'BLIS', '1432002531', '4', 'A'),
('2022M0575', 'April Aireen YbaEz', 'Saenz', 'BLIS', '2652228689', '4', 'A'),
('2022M0576', 'Barranco Barranco', 'Nava', 'BSCS', '105308307', '4', 'A'),
('2022M0577', 'Nel Adryan Funa', 'Alanan', 'BSCS', '96637283', '4', 'B'),
('2022M0578', 'Kyle Eron Panado', 'Hallares', 'BSCS', '1430807955', '4', 'B'),
('2022M0581', 'Mark David Hernando', 'Imperial', 'BSEMC', '95875411', '4', 'A'),
('2022M0582', 'Kent Lynner Peracion', 'Acuesta', 'BSEMC', '1433750627', '4', 'A'),
('2022M0583', 'Rico John Torrefranca', 'Casquete', 'BSEMC', '2421828723', '4', 'A'),
('2022M0584', 'Julianne Ruth Caisido', 'Pamplona', 'BSIT', '706048691', '4', 'A'),
('2022M1465', 'Abby Gail CaElas', 'Alarcon', 'BLIS', '1431241619', '4', 'A'),
('2022M1489', 'Aaron Bon Joseph Eimar', 'Purigay', 'BSEMC', '727184883', '4', 'A'),
('2022M1496', 'Lizy Joy Jalbuena', 'Ponce', 'BSIT', '105445955', '4', 'A'),
('2022M492', 'Leo Jay Fernandez', 'Eulatriz', 'BSIS', '742621155', '4', 'A'),
('2023M0240', 'Evcalo', 'Durante', 'BLIS', '3679759428', '3', 'A'),
('2023M0249', 'Jethro A.', 'Rendon', 'BSCS', NULL, '3', 'B'),
('2023M0250', 'Dallas A.', 'Aquino', 'BSCS', '3679429684', '3', 'A'),
('2023M0251', 'Luis Rafael L.', 'Ajoc', 'BSCS', '3678704932', '3', 'A'),
('2023M0252', 'Allyn Ralf T.', 'Ledesma', 'BSCS', '3677687188', '3', 'B'),
('2023M0253', 'Justine Kyle T.', 'Ortilano', 'BSCS', '3678772228', '3', 'B'),
('2023M0254', 'Michelle Joy C.', 'Juanico', 'BSCS', '3677712308', '3', 'B'),
('2023M0255', 'Ryan B.', 'Cabalfin', 'BSCS', '3679737492', '3', 'A'),
('2023M0256', 'Jan Daniel O.', 'Alvarez', 'BSCS', '3678860148', '3', 'A'),
('2023M0257', 'Wilfame M.', 'Esponilla', 'BSCS', '3679323700', '3', 'B'),
('2023M0258', 'Ramuel Carl Q.', 'Barlas', 'BSCS', '3679048436', '3', 'A'),
('2023M0259', 'Kyla Elijah C.', 'Ramiro', 'BSCS', '3678632212', '3', 'A'),
('2023M0260', 'Ethan Jed V.', 'Carbonell', 'BSCS', '3677564916', '3', 'A'),
('2023M0261', 'Ralph Martin D.', 'Chua', 'BSCS', '3679594388', '3', 'B'),
('2023M0262', 'Joeross G.', 'Palabrica', 'BSCS', NULL, '3', 'B'),
('2023M0263', 'Frederick Jibril L.', 'BuAg', 'BSCS', NULL, '3', 'A'),
('2023M0264', 'Melissa Marielle N.', 'Valdez', 'BSCS', '3678817860', '3', 'B'),
('2023M0265', 'Aurelio Inocencio Iii S.', 'Sua', 'BSCS', '3678586788', '3', 'B'),
('2023M0266', 'Zen Anthony P.', 'Pastolero', 'BSCS', '3679685732', '3', 'A'),
('2023M0267', 'Ken Meiro C.', 'Villareal', 'BSCS', '3679417284', '3', 'B'),
('2023M0268', 'Kurt Allen R.', 'Alorro', 'BSCS', '3679602500', '3', 'B'),
('2023M0269', 'John Paul C.', 'Ario', 'BSCS', '482674610486', '3', 'A'),
('2023M0270', 'Clarence Anthony G.', 'Bolivar', 'BSCS', '3679214100', '3', 'A'),
('2023M0271', 'Matt Arnel V.', 'Amparo', 'BSCS', NULL, '3', 'A'),
('2023M0272', 'Lean Vince A.', 'Cabales', 'BSCS', '3678740324', '3', 'B'),
('2023M0273', 'Ariane Pearl C.', 'Gegawin', 'BSCS', '3679730916', '3', 'B'),
('2023M0274', 'Darwin L.', 'Bang-on', 'BSCS', '391556104489', '3', 'A'),
('2023M0275', 'Christian Paulo C.', 'Pillado', 'BSCS', '4134620740', '3', 'B'),
('2023M0276', 'Ivan Clyde P.', 'Sagala', 'BSCS', '3677986260', '3', 'B'),
('2023M0277', 'Vincent Jr. L.', 'Corpes', 'BSCS', '4134683572', '3', 'A'),
('2023M0278', 'Justin Jones P.', 'Brey', 'BSCS', '3677988292', '3', 'B'),
('2023M0279', 'Gabriel M.', 'Diana', 'BSCS', '3678727444', '3', 'B'),
('2023M0281', 'Reginald Robert F.', 'Ledesma', 'BSCS', '3679133236', '3', 'A'),
('2023M0282', 'Steven Ken E.', 'Pontillas', 'BSCS', '3679350436', '3', 'A'),
('2023M0283', 'Jan Floyd J.', 'Vallota', 'BSCS', '3678909860', '3', 'A'),
('2023M0285', 'Bonn Joeuie C.', 'Sasana', 'BSCS', '3679159060', '3', 'A'),
('2023M0286', 'Christopher Glenn L.', 'Bedis', 'BSCS', '3679489748', '3', 'A'),
('2023M0287', 'Quincy Rodge A.', 'Macalalag', 'BSCS', NULL, '3', 'A'),
('2023M0288', 'Jazylle Mae B.', 'Senibalo', 'BSCS', '3679327588', '3', 'B'),
('2023M0289', 'Kirk Henrich C.', 'Gamo', 'BSCS', '3678249764', '3', 'A'),
('2023M0290', 'Meagelleine Rose S.', 'Sionosa', 'BSCS', '3677477396', '3', 'A'),
('2023M0291', 'Jullian A.', 'Bilan', 'BSCS', '3679638740', '3', 'A'),
('2023M0292', 'Chrizz Laurence C.', 'Ballelos', 'BSCS', '481553610456', '3', 'A'),
('2023M0293', 'Sharifa G.', 'Bobongon', 'BSCS', '124190610471', '3', 'A'),
('2023M0296', 'Coleen E.', 'Cereo', 'BSCS', '391556104536', '3', 'A'),
('2023M0297', 'James Martin M.', 'Cometa', 'BSCS', '482674610453', '3', 'A'),
('2023M0309', 'Pearl P.', 'Estolano', 'BLIS', NULL, '3', 'A'),
('2023M0310', 'Francis Angelo C.', 'Carnaje', 'BLIS', '3678553076', '3', 'A'),
('2023M0311', 'Winnie Boy L.', 'Sina-On', 'BLIS', '2654852651', '3', 'A'),
('2023M0312', 'Keisha C.', 'Nonato', 'BLIS', '3678337108', '3', 'A'),
('2023M0313', 'Rodian Clark F.', 'Solania', 'BLIS', '3678667812', '3', 'A'),
('2023M0359', 'Marinel L.', 'Galvero', 'BLIS', '4134535372', '3', 'A'),
('2023M0364', 'Jerson', 'Hurtado', 'BSCS', '482674610431', '3', 'A'),
('2023M0365', 'Shane D.', 'Canabo', 'BSCS', '4134861796', '3', 'A'),
('2023M0366', 'Louise Marielle V.', 'Dorado', 'BSCS', '4137420100', '3', 'A'),
('2023M0367', 'Arthur John A.', 'Pagayon', 'BSCS', '3687203940', '3', 'A'),
('2023M0368', 'John Felmer B.', 'Robles', 'BSCS', '3679074564', '3', 'A'),
('2023M0369', 'Axel John E.', 'Nuqui', 'BSCS', '3677793508', '3', 'B'),
('2023M0370', 'Myrrhea Belle B.', 'Junsay', 'BSCS', NULL, '3', 'A'),
('2023M0371', 'Jessie Loraine P.', 'Porras', 'BSCS', '3679147604', '3', 'B'),
('2023M0372', 'Herald Kent N.', 'Amolong', 'BSCS', '3678108180', '3', 'B'),
('2023M0373', 'Karlo Roel F.', 'Montenegro', 'BSCS', '3678245540', '3', 'A'),
('2023M0374', 'Ma. Asherah Francine Faith S.', 'Escrupulo', 'BSCS', '4132605764', '3', 'B'),
('2023M0375', 'Christine Joy D.', 'Maravilla', 'BSCS', '3678752100', '3', 'B'),
('2023M0376', 'Donjie C.', 'Libuna', 'BSCS', '3679541988', '3', 'B'),
('2023M0428', 'Mark Carlo M.', 'Cruz', 'BSIT', '3678787076', '3', 'B'),
('2023M0429', 'Mary Joyce C.', 'Baul', 'BSIT', '3679134532', '3', 'B'),
('2023M0430', 'Laurice Mariel E.', 'Somcio', 'BSIT', '4134925188', '3', 'A'),
('2023M0431', 'Paul Castor P.', 'Janobas', 'BSIT', '4134013732', '3', 'A'),
('2023M0432', 'Bea Allaina M.', 'Alfor', 'BSIT', NULL, '3', 'B'),
('2023M0433', 'Keana Rose M.', 'Andoque', 'BSIT', '4133969172', '3', 'A'),
('2023M0434', 'Jaspher John E.', 'Samalburo', 'BSIT', '3677135812', '3', 'B'),
('2023M0436', 'Shiela Mae M.', 'Nonescan', 'BSIT', '3677599604', '3', 'A'),
('2023M0437', 'Ryan Lawrence G.', 'Miaque', 'BSIT', '3679477204', '3', 'B'),
('2023M0438', 'Jorich A.', 'Dohinog', 'BSIT', '4138019780', '3', 'A'),
('2023M0439', 'Rj Jeshrell C.', 'Sapanza', 'BSIT', '3679469364', '3', 'A'),
('2023M0440', 'Michelle D.', 'Bitalac', 'BSIT', '3678101380', '3', 'B'),
('2023M0441', 'Jesunald D.', 'Galindo', 'BSIT', '3679194116', '3', 'B'),
('2023M0442', 'Tessa A.', 'Esponilla', 'BSIT', '4135280628', '3', 'A'),
('2023M0443', 'Luis Gabriel D.', 'Ronatay', 'BSIT', '4132433380', '3', 'A'),
('2023M0444', 'April Lhen P.', 'Paniza', 'BSIT', '3678589956', '3', 'A'),
('2023M0445', 'Precious Mae J.', 'Taleon', 'BSIT', '3678778564', '3', 'B'),
('2023M0447', 'Jesren M.', 'Caylan', 'BSIT', NULL, '3', 'B'),
('2023M0448', 'Jim Lloyd', 'Mondragon', 'BSIT', '3679208020', '3', 'A'),
('2023M0449', 'Angelo John B.', 'Madurar', 'BSIT', '3679580596', '3', 'B'),
('2023M0450', 'Joshua David G.', 'Ranin', 'BSIT', '3679394788', '3', 'A'),
('2023M0451', 'Pzalm Franzenne F.', 'Begasin', 'BSIT', '3677529364', '3', 'A'),
('2023M0452', 'Ian Harvey P.', 'Yap', 'BSIT', '2625122955', '3', 'A'),
('2023M0453', 'Ace Vincent C.', 'Montales', 'BSIT', '3679179940', '3', 'B'),
('2023M0454', 'Den Karryl D.', 'Subosa', 'BSIT', '3679712964', '3', 'B'),
('2023M0455', 'Frich Hannah J.', 'Revilla', 'BSIT', '3679233380', '3', 'B'),
('2023M0456', 'Conchito C.', 'Ledesma', 'BSIT', '3678885556', '3', 'B'),
('2023M0457', 'Ellieza Mae H.', 'Bartonico', 'BSIT', '4132922820', '3', 'A'),
('2023M0458', 'Jart Louise J.', 'Jarangue', 'BSIT', NULL, '3', 'B'),
('2023M0459', 'Zchandro Alexis C.', 'Tiposo', 'BSIT', '3678988820', '3', 'B'),
('2023M0460', 'Mark Erwin T.', 'Solis', 'BSIT', NULL, '3', 'B'),
('2023M0462', 'Jule Leanne D.', 'Tabares', 'BSIT', '3678869812', '3', 'A'),
('2023M0463', 'Jester Jhon D.', 'Marterez', 'BSIT', '4134676644', '3', 'A'),
('2023M0464', 'Gwyneth', 'Aguinea', 'BSIT', '3678306484', '3', 'B'),
('2023M0465', 'Stylus Karl T.', 'Digdigan', 'BSIT', '3677723780', '3', 'B'),
('2023M0466', 'James Louise T.', 'Galvez', 'BSIT', '3679542036', '3', 'A'),
('2023M0467', 'Chrisha Alexa F.', 'Tabafa', 'BSIT', NULL, '3', 'B'),
('2023M0468', 'Tyrell James A.', 'Larroza', 'BSIT', '3679652932', '3', 'A'),
('2023M0469', 'Richyll Jarryd G.', 'Gabinera', 'BSIT', '3678866852', '3', 'B'),
('2023M0470', 'Vonn Adrian S.', 'Tilano', 'BSIT', '4134185700', '3', 'A'),
('2023M0471', 'Luke Gabriel R.', 'Arrieta', 'BSIT', '3679630308', '3', 'A'),
('2023M0472', 'John Patrick M.', 'Ferrer', 'BSIT', '3679681812', '3', 'B'),
('2023M0473', 'Natasha Kate P.', 'Binal', 'BSIT', '4132301012', '3', 'A'),
('2023M0474', 'Kiyan Rose C.', 'Capilitan', 'BSIT', '3677877636', '3', 'A'),
('2023M0475', 'Reycel M.', 'Mendiola', 'BSIT', '4131270580', '3', 'A'),
('2023M0476', 'Ian Marvin C.', 'Hubag', 'BSIT', '3677884852', '3', 'A'),
('2023M0477', 'Jelliane S.', 'Abono', 'BSIT', '3679300164', '3', 'B'),
('2023M0478', 'Benedict Neil D.', 'Bacud', 'BSIT', '3679414788', '3', 'B'),
('2023M0479', 'Julia Alyssa J.', 'Pillora', 'BSIT', '3679326644', '3', 'B'),
('2023M0480', 'Pauline Therese De Los Reyes', 'Panes', 'BSIT', '3678911748', '3', 'B'),
('2023M0481', 'Roselle P.', 'Agaton', 'BSIT', '4132891364', '3', 'A'),
('2023M0482', 'Geneveb L.', 'Abadoya', 'BSIT', '3679097012', '3', 'A'),
('2023M0483', 'Jaspher John C.', 'Ebarle', 'BSIT', '3678447700', '3', 'B'),
('2023M0484', 'Cyril John C.', 'Gagnao', 'BSIT', '4131836452', '3', 'A'),
('2023M0485', 'Peter Christian B.', 'Briones', 'BSIT', '3678864852', '3', 'A'),
('2023M0486', 'Neil Alvin R.', 'Vergara', 'BSIT', NULL, '3', 'B'),
('2023M0487', 'Elizabeth A.', 'Ordoyo', 'BSIT', '3679007092', '3', 'B'),
('2023M0488', 'James Andrew C.', 'Ocuaman', 'BSIT', '4132620292', '3', 'A'),
('2023M0489', 'Marielle C.', 'Hugo', 'BSIT', '3679440916', '3', 'B'),
('2023M0490', 'John Wesly B.', 'Caburog', 'BSIT', '4135707348', '3', 'A'),
('2023M0491', 'Karl Wystan P.', 'Cabalonga', 'BSIT', '3678847988', '3', 'B'),
('2023M0492', 'Reyvin R.', 'Dongon', 'BSIT', '3678193412', '3', 'B'),
('2023M0702', 'Shennah Faith G.', 'BerbaA', 'BLIS', '3679454004', '3', 'A'),
('2023M0703', 'Earl Scarlet G.', 'Chavez', 'BLIS', '3679020676', '3', 'A'),
('2023M0704', 'Julianne M.', 'Clavel', 'BLIS', '3678077972', '3', 'A'),
('2023M0705', 'Bj Kim Andrea A.', 'Bolocon', 'BLIS', '3677567524', '3', 'A'),
('2023M0706', 'Patricia C.', 'Calopez', 'BLIS', '3678993844', '3', 'A'),
('2023M0707', 'Irene Mae D.', 'Gallenero', 'BLIS', '3678562084', '3', 'A'),
('2023M0708', 'Jonred P.', 'Jaleco', 'BLIS', '3678661220', '3', 'A'),
('2023M0709', 'Shane Abigail C.', 'Abido', 'BLIS', '3677340004', '3', 'A'),
('2023M0710', 'Gabrielle L.', 'Tugbang', 'BLIS', '3679648980', '3', 'A'),
('2023M0711', 'Nicco Jan C.', 'Calasagsag', 'BLIS', '3679021332', '3', 'A'),
('2023M0719', 'Mihel B.', 'Bustamante', 'BSIS', '3677876100', '3', 'B'),
('2023M0720', 'Cyrus John Geonanga', 'Patriarca', 'BSIS', '3678823876', '2', 'A'),
('2023M0721', 'Gabriel M.', 'Barabad', 'BSIS', '3678868628', '3', 'A'),
('2023M0722', 'Adrielle D.', 'Arcos', 'BSIS', '2655947819', '3', 'A'),
('2023M0723', 'Erden Jhed D.', 'Teope', 'BSIS', '3679619492', '3', 'B'),
('2023M0724', 'Miguel Jacob A.', 'Artillero', 'BSIS', '3679227284', '3', 'B'),
('2023M0725', 'Benedict Emmanuel P.', 'Beliran', 'BSIS', '4131671476', '3', 'B'),
('2023M0726', 'Anton Gerald T.', 'Anes', 'BSIS', '3679129812', '3', 'B'),
('2023M0727', 'Juliana Paula T.', 'BiAs', 'BSIS', NULL, '3', 'A'),
('2023M0736', 'Meryll Klaryze A.', 'Polaron', 'BSIS', '3678219300', '3', 'B'),
('2023M0738', 'Lil Benedict J.', 'Herrera', 'BSIS', '3687634756', '3', 'A'),
('2023M0739', 'Nash Ervine A.', 'Siaton', 'BSIS', '3677488324', '3', 'B'),
('2023M0740', 'Ilych John Edward A.', 'Tuvilla', 'BSIS', '3677794948', '3', 'A'),
('2023M0741', 'Trisha Mae C.', 'Lombendencio', 'BSIS', NULL, '3', 'A'),
('2023M0742', 'Ralph Victor L.', 'Ilarde', 'BSIS', '3678642132', '3', 'B'),
('2023M0743', 'Aldrin E.', 'Bansuelo', 'BSIS', '4132399204', '3', 'B'),
('2023M0744', 'Jay Andre O.', 'Sasi', 'BSIS', '4134652292', '3', 'A'),
('2023M0745', 'Farrah Lorraine S.', 'Jaboneta', 'BSIS', '3677796516', '3', 'A'),
('2023M0746', 'Romyl Patrick M.', 'Sirilan', 'BSIS', '4136687252', '3', 'B'),
('2023M0747', 'Yasmine Kate M.', 'Bolivar', 'BSIS', '4131284724', '3', 'B'),
('2023M0748', 'Ianna Yzabel C.', 'Beray', 'BSIS', '3678591988', '3', 'B'),
('2023M0750', 'Michael Anthony F.', 'Polong', 'BSIS', '3679157252', '3', 'A'),
('2023M0751', 'Katrina Angela S.', 'Buncag', 'BSIS', '3679422292', '3', 'A'),
('2023M0753', 'Francine Gabrielle S.', 'Luces', 'BSIS', '3679520164', '3', 'B'),
('2023M0754', 'Gero Antoni T.', 'Tabiolo', 'BSIS', '4131282788', '3', 'B'),
('2023M0755', 'Charmaine H.', 'Cachila', 'BSIS', '4134532180', '3', 'A'),
('2023M0756', 'Shenna Jane B.', 'Guancia', 'BSIS', '3692026628', '3', 'A'),
('2023M0757', 'Chelsea C.', 'Delizo', 'BSIS', '3678818692', '3', 'A'),
('2023M0758', 'Jester M.', 'Galfo', 'BSIS', '4134015444', '3', 'B'),
('2023M0759', 'Denzel Kim C.', 'Sison', 'BSIS', '4131221348', '3', 'A'),
('2023M0760', 'James Andrew J.', 'Agustin', 'BSIS', '4140259540', '3', 'B'),
('2023M0761', 'Mikaela Angela G.', 'Patopaten', 'BSIS', '3679620372', '3', 'B'),
('2023M0762', 'Skye Denver S.', 'Celeste', 'BSIS', '3678071204', '3', 'A'),
('2023M0763', 'Sheikha Maris N.', 'Nicolas', 'BSIS', '3678649012', '3', 'B'),
('2023M0765', 'Diether Jaye', 'Catolin', 'BSIS', '4133566436', '3', 'B'),
('2023M0766', 'Duane Ryann P.', 'Montes', 'BSIS', '4136802692', '3', 'B'),
('2023M0768', 'Xaniel Marios Angelo B.', 'Nava', 'BSIS', '3678965476', '3', 'A'),
('2023M0769', 'Ebenezer C.', 'Danila', 'BSIS', '3679050276', '3', 'B'),
('2023M0770', 'Joel I. Jr.', 'Catalino', 'BSIS', '3678619604', '3', 'A'),
('2023M0771', 'Cherry Jean V.', 'Dagohoy', 'BSIS', '3678823828', '3', 'A'),
('2023M0772', 'Nicole Khey D.', 'Bengaora', 'BSIS', '4131730548', '3', 'A'),
('2023M0773', 'Phil Angelo', 'Gain', 'BSIS', '3679541972', '3', 'A'),
('2023M0774', 'Reynalen Leigh G.', 'Alenzuela', 'BSIS', '4131605508', '3', 'A'),
('2023M0775', 'Angelika Jean J.', 'Ocana', 'BSIS', '3679035988', '3', 'A'),
('2023M0776', 'Leanne Joy P.', 'Libertad', 'BSIS', '3678819668', '3', 'B'),
('2023M0777', 'Atasha Marie M.', 'Balictar', 'BSIS', '3677872196', '3', 'A'),
('2023M0778', 'Shaqkiel Jose G.', 'Guarnes', 'BSIS', '4135269876', '3', 'B'),
('2023M0779', 'Ashley Nicole B.', 'Bulotaolo', 'BSIS', '4135315428', '3', 'B'),
('2023M0780', 'Kirk Johnray C.', 'MeEz', 'BSIS', '3678909812', '3', 'A'),
('2023M0781', 'Florence Elaine G.', 'Soleno', 'BSIS', '3678808436', '3', 'B'),
('2023M0782', 'Jomar C.', 'Eslabra', 'BSIS', '3686441828', '3', 'A'),
('2023M0783', 'Japhet Roseller T.', 'Sinfuego', 'BSIS', '3678882484', '3', 'A'),
('2023M0810', 'Jayson', 'Aguila', 'BSIT', '124190610464', '2', 'C'),
('2023M0811', 'James', 'Albarico', 'BSIT', '482674610420', '2', 'C'),
('2023M0812', 'Maebelle', 'Alvarez', 'BSIT', '320631610472', '2', 'C'),
('2023M0813', 'Mary Joy', 'Amanio', 'BSIT', '391556104450', '2', 'C'),
('2023M0877', 'Cynthia Mae I.', 'Mirar', 'BSEMC', '3678679764', '3', 'A'),
('2023M0878', 'Nove Grace J.', 'Babas', 'BSEMC', '3679715236', '3', 'A'),
('2023M0879', 'Wendi L.', 'Deocares', 'BSEMC', '3678546452', '3', 'A'),
('2023M0880', 'Paul Genesis A.', 'Tabjan', 'BSEMC', '3679040900', '3', 'A'),
('2023M0881', 'Cathleen Kaye L.', 'Orio', 'BSEMC', '3679400772', '3', 'A'),
('2023M0882', 'Janine Megumi T.', 'Cabangal', 'BSEMC', '3679753204', '3', 'A'),
('2023M0883', 'Kieth Joshua Sta. C.', 'Peralta', 'BSEMC', '3677844020', '3', 'A'),
('2023M0884', 'Kirby T.', 'Bilbao', 'BSEMC', '3678741428', '3', 'A'),
('2023M0885', 'Jholiah Ann E.', 'Viesca', 'BSEMC', '3679115540', '3', 'A'),
('2023M0886', 'Alexean John J.', 'Palonpon', 'BSEMC', '3679708628', '3', 'A'),
('2023M0887', 'Vicente Iv G.', 'Rubino', 'BSEMC', '4133987972', '3', 'A'),
('2023M0888', 'Jeviecha Riannah R.', 'TraviA', 'BSEMC', '3678187956', '3', 'A'),
('2023M0889', 'Eugene B.', 'Bignayan', 'BSEMC', '3678031748', '3', 'A'),
('2023M0890', 'Olive Faye P.', 'Carbajosa', 'BSEMC', NULL, '3', 'A'),
('2023M0891', 'Arielle Dione P.', 'Pornel', 'BSEMC', NULL, '3', 'A'),
('2023M0917', 'Brent', 'Dela Cruz', 'BSIS', '124190610483', '2', 'A'),
('2023M0967', 'Joshua Ray Bayoran', 'Kong', 'BSIS', '3488790972', '2', 'A'),
('2023M0993', 'Yunize Crystal Grace E.', 'Magarzo', 'BLIS', '3679217940', '3', 'A'),
('2023M0994', 'France D.', 'Andrada', 'BLIS', '3679487908', '3', 'A'),
('2023M1016', 'Rick Edgar John', 'Espinosa', 'BSCS', '482674610423', '3', 'A'),
('2023M1019', 'Kian Ivan', 'Fernandez', 'BSCS', '482674610457', '3', 'B'),
('2023M1020', 'Glaiza Mae', 'Maja', 'BSCS', '111324104542', '3', 'B'),
('2023M1021', 'Zyrelle R.', 'Concepcion', 'BSCS', '482674610464', '3', 'B'),
('2023M1022', 'Jobell Dominic E.', 'Solito', 'BSCS', NULL, '3', 'A'),
('2023M1023', 'Duke Salfred B.', 'Bocala', 'BSCS', NULL, '3', 'B'),
('2023M1024', 'Carl John L.', 'Coopera', 'BSCS', '3679066756', '3', 'A'),
('2023M1025', 'Zuriel Eliazar D.', 'Calix', 'BSCS', '3686038996', '3', 'B'),
('2023M1026', 'Carl Joseph P.', 'Villuga', 'BSCS', '3208540842', '2', 'A'),
('2023M1027', 'John Christian D.', 'Ledesma', 'BSEMC', '4135380788', '3', 'A'),
('2023M1028', 'Heidy Mae P.', 'Calunsag', 'BSCS', '206012104414', '3', 'B'),
('2023M1029', 'A-Jay C.', 'Buenjemia', 'BSIS', '3679603092', '3', 'A'),
('2023M1032', 'James Valentine', 'Galinato', 'BSCS', '124190610462', '3', 'A'),
('2023M1033', 'Roewen G.', 'Perez', 'BSIS', '3678046772', '3', 'A'),
('2023M1034', 'Kimberly', 'Sumaylo', 'BSIS', '4133485852', '3', 'A'),
('2023M1035', 'Mark Andrew', 'Prochina', 'BSIS', '3678005652', '3', 'A'),
('2023M1036', 'Sydney Jherold', 'Galande', 'BSIS', '3677197772', '3', 'A'),
('2023M1037', 'Ernest John Denzel', 'Lomuntas', 'BSIS', '3679407652', '3', 'A'),
('2023M1038', 'Rose May D.', 'Belarmino', 'BSIS', '3679094116', '3', 'A'),
('2023M1039', 'Khrysryl Ardee C.', 'Mallo', 'BSEMC', '4132130148', '3', 'A'),
('2023M1040', 'Olivia Gale A.', 'Gerochi', 'BSEMC', '3679507812', '3', 'A'),
('2023M1041', 'Mary Coleen Celvic M.', 'Ancajas', 'BSEMC', '3679444804', '3', 'A'),
('2023M1042', 'Hebroy S.', 'Pacaco', 'BSEMC', '3678491332', '3', 'A'),
('2023M1043', 'Christian Olivier S.', 'Valgomera', 'BSEMC', '3677710116', '3', 'A'),
('2023M1044', 'Mark Justin', 'Dogillo', 'BSIS', '3677854628', '3', 'A'),
('2023M1046', 'Kyra Jane', 'Gatlihan', 'BSIS', '3678482068', '3', 'A'),
('2023M1047', 'Aya Ysabelle A.', 'Abordo', 'BSIS', '3679649396', '3', 'A'),
('2023M1048', 'Zalve Mae A.', 'Magsael', 'BSIS', '3677559396', '3', 'B'),
('2023M1049', 'Maphil', 'Talampas', 'BSIS', '4132712212', '3', 'A'),
('2023M1050', 'Mylene Z.', 'Panaguiton', 'BSIS', '2329999423', '3', 'A'),
('2023M1051', 'Raven Charles B.', 'Jaen', 'BSIS', '3678613972', '3', 'B'),
('2023M1052', 'Nash A.', 'Gonzales', 'BSIS', '4132284628', '3', 'B'),
('2023M1053', 'Joren Malvin', 'Escober', 'BSIS', '3679019092', '3', 'A'),
('2023M1054', 'Nico Calay', 'Olimpo', 'BSIS', '4131672884', '3', 'A'),
('2023M1055', 'Lira Joy', 'Prochina', 'BSIS', '4131080484', '3', 'A'),
('2023M1270', 'Angel Cuaries Mae F.', 'Patricio', 'BSIT', '3677677684', '3', 'A'),
('2023M1271', 'Jenny Rose S.', 'Bellos', 'BSIT', '3679218260', '3', 'B'),
('2023M1272', 'Antonio Gabriel D.', 'Dela Gente', 'BSIT', '4133069396', '3', 'A'),
('2023M1273', 'Giuseppe Andrei E.', 'Guarino', 'BSIT', '3679476452', '3', 'B'),
('2023M1274', 'Allysseus D.', 'Durban', 'BSIT', '4132124420', '3', 'A'),
('2023M1358', 'King Philip T.', 'Tacsagon', 'BSIS', '3678785812', '3', 'A'),
('2023M1360', 'Alejandro Matthew', 'Sorbito', 'BSIS', '3678465412', '3', 'A'),
('2023M1421', 'VJ', 'Gonzaga', 'BSCS', '391556104505', '3', 'B'),
('2023M1423', 'Rapahel Blas D.', 'Baes', 'BLIS', '3679484228', '3', 'A'),
('2023M1424', 'Giefer', 'Fausto', 'BSCS', '206012104481', '3', 'B'),
('2023M1425', 'Angel Kate Andrea C.', 'Oro', 'BLIS', '3679480228', '3', 'A'),
('2023M1426', 'Mary Rose', 'Cloma', 'BSCS', '111324104452', '3', 'B'),
('2023M1427', 'Julianne', 'Cerbito', 'BSCS', '482674610490', '3', 'B'),
('2023M1428', 'Jomarie', 'Cataquiz', 'BSCS', '124190610403', '3', 'B'),
('2023M1429', 'Ginno Jr. D.', 'Arostique', 'BSCS', '3677842996', '3', 'B'),
('2023M1430', 'Athena S.', 'Villarin', 'BSCS', '3678504036', '3', 'A'),
('2023M1431', 'Quinjie Benedict E.', 'Capayan', 'BSCS', '3679346468', '3', 'B'),
('2023M1432', 'Helmer Lorenz A.', 'Andalajao', 'BSCS', NULL, '3', 'B'),
('2023M1433', 'Leann M.', 'Villaruel', 'BSCS', '3679679092', '3', 'B'),
('2023M1434', 'Jethro Roland T.', 'DaOcup', 'BSCS', '3678861988', '3', 'B'),
('2023M1435', 'James Calvin', 'Magadan', 'BSCS', '391556104459', '3', 'B'),
('2023M1441', 'Keith Margaret', 'Vitor', 'BSIS', NULL, '3', 'A'),
('2023M1442', 'John Carlo', 'Tadle', 'BSIS', '3678857396', '3', 'A'),
('2023M1443', 'Jhuner Esmael', 'Torayno', 'BSIS', '3679325380', '3', 'A'),
('2023M1444', 'Hannah Faith', 'Taneo', 'BSIS', '4132622420', '3', 'A'),
('2023M1445', 'Marian Ruth N.', 'Perueco', 'BSIS', '4134609580', '3', 'A'),
('2023M1446', 'Jan Jerome', 'Manayon', 'BSIS', '4134348836', '3', 'A'),
('2023M1447', 'Richelle B.', 'Catering', 'BSIS', '3678849092', '3', 'A'),
('2023M1448', 'Francis Dave B.', 'Bangga', 'BSIS', '3679551508', '3', 'A'),
('2023M1449', 'Harvic', 'Marcelo', 'BSIS', '4133151004', '3', 'A'),
('2023M1450', 'Stephanie H.', 'Catalan', 'BSIS', '4133233028', '3', 'A'),
('2023M1451', 'Lord Daniel A.', 'Gilbuena', 'BSIS', '4131755316', '3', 'A'),
('2023M1452', 'Ricardo Rey O.', 'Labaya', 'BSIS', '3677672964', '3', 'A'),
('2023M1453', 'Sean Neil M.', 'Potane', 'BSIS', '3679432324', '3', 'A'),
('2023M1454', 'Joseph Mari S.', 'Cordero', 'BSCS', '3678188868', '3', 'B'),
('2023M1455', 'Charisse Claudine', 'Bautro', 'BSIS', '4134110932', '3', 'A'),
('2023M1456', 'Lorraine Angel N.', 'Castor', 'BSIS', '4133202388', '3', 'B'),
('2023M1457', 'Zenjelle', 'Cazon', 'BLIS', '3679529612', '3', 'A'),
('2023M1458', 'Earl Jon D.', 'Palma', 'BSIT', '4131187140', '3', 'A'),
('2023M1459', 'Jay Ivan T.', 'Tuante', 'BSIT', '3679677220', '3', 'A'),
('2023M1460', 'Geneva A.', 'Amoroto', 'BLIS', '4132000204', '3', 'A'),
('2023M1461', 'Angel Mae G.', 'Ignacio', 'BLIS', NULL, '3', 'A'),
('2023M1462', 'Cecil Rose P.', 'Labios', 'BLIS', '4133595364', '3', 'A'),
('2023M1463', 'Aila Marylyn Q.', 'Gonzales', 'BLIS', '3678234636', '3', 'A'),
('2023M1464', 'Nerissa May', 'Plaza', 'BLIS', '4133896284', '3', 'A'),
('2023M1465', 'Julie Mae', 'Cartilla', 'BLIS', '4132387908', '3', 'A'),
('2023M1466', 'Nic M.', 'Aro', 'BLIS', '4134413300', '3', 'A'),
('2023M1468', 'Xezarrine W.', 'Calderon', 'BLIS', '4134498420', '3', 'A'),
('2023M1469', 'Ariane Camylle', 'Comfortiveros', 'BLIS', '4132200236', '3', 'A'),
('2023M1470', 'Menjesarri C.', 'Aparente', 'BLIS', '3678970164', '3', 'A'),
('2023M1471', 'Natalia', 'Cantila', 'BLIS', '3679290404', '3', 'A'),
('2023M1472', 'Jea M.', 'Palanca', 'BLIS', '3679007412', '3', 'A'),
('2023M1473', 'Sheilly Can Vi G.', 'Quie', 'BLIS', '3677972180', '3', 'A'),
('2023M1474', 'Lyza Cortez', 'Quitain', 'BLIS', '4132591052', '3', 'A'),
('2023M1475', 'Aeme Grace L.', 'Recamara', 'BLIS', '3679014772', '3', 'A'),
('2023M1476', 'Mariche R.', 'Terezo', 'BLIS', '4131789100', '3', 'A'),
('2023M1477', 'Sheira', 'Valderrama', 'BLIS', '3678795636', '3', 'A'),
('2023M1478', 'Julie M.', 'Ventura', 'BLIS', '4132396524', '3', 'A'),
('2023M1479', 'Ma. Caroline O.', 'Balangira', 'BLIS', '3677740364', '3', 'B'),
('2023M1480', 'Renante', 'Fadaeo', 'BLIS', '3679034052', '3', 'B'),
('2023M1481', 'Benjoe', 'Basindanan', 'BLIS', '4133340884', '3', 'B'),
('2023M1482', 'Rosh Malcolm T.', 'Batistil', 'BLIS', '3679436636', '3', 'B'),
('2023M1483', 'Jemiel R.', 'Borbajo', 'BLIS', '4132035124', '3', 'B'),
('2023M1484', 'Gyle', 'Braga', 'BLIS', '3678067636', '3', 'B'),
('2023M1485', 'Meynard', 'Cabana', 'BLIS', '4134166332', '3', 'B'),
('2023M1486', 'Jesus Jay S.', 'Caja', 'BLIS', '3677673956', '3', 'B'),
('2023M1487', 'Almario Obama', 'Carton', 'BLIS', '4131507716', '3', 'B'),
('2023M1488', 'Bernie', 'Gevera Jr.', 'BLIS', '3679339284', '3', 'B'),
('2023M1489', 'Hermia', 'Hermo', 'BLIS', '4133646572', '3', 'B'),
('2023M1490', 'Kervin', 'Lardizabal', 'BLIS', '3679566564', '3', 'B'),
('2023M1491', 'Erika Mae', 'Lopez', 'BLIS', '4133956364', '3', 'B'),
('2023M1492', 'Asna Aubrey', 'Lumontan', 'BLIS', '4134041932', '3', 'B'),
('2023M1493', 'Mark John', 'Fua', 'BLIS', '4134647052', '3', 'B'),
('2023M1494', 'Madelyn Ann', 'Lorenzo', 'BLIS', '3679414740', '3', 'B'),
('2023M1495', 'Mary Grace', 'Palay', 'BLIS', NULL, '3', 'B'),
('2023M1496', 'John Michael', 'Terania', 'BLIS', '4133960020', '3', 'B'),
('2023M1497', 'Iris', 'Delorino', 'BLIS', '3679179836', '3', 'C'),
('2023M1498', 'Kristeel', 'Fueconcillo', 'BLIS', '3679571300', '3', 'C'),
('2023M1499', 'Lhia Jane', 'Dumago', 'BLIS', '4134315692', '3', 'C'),
('2023M1500', 'Gladys Margarett', 'Gallenero', 'BLIS', '4134262884', '3', 'C'),
('2023M1501', 'Kim Irving', 'Garcia', 'BLIS', '3677439980', '3', 'C'),
('2023M1502', 'Juleika Shane', 'Gaviola', 'BLIS', '3679502604', '3', 'C'),
('2023M1503', 'Genesis', 'Genterone', 'BLIS', '4132612796', '3', 'C'),
('2023M1504', 'Francis Reeve', 'Jumalon', 'BLIS', '3679539156', '3', 'C'),
('2023M1505', 'Sharina Mae', 'Lambao', 'BLIS', '4134813244', '3', 'C'),
('2023M1506', 'Ray Ruzzell', 'Lambato', 'BLIS', '3679155492', '3', 'C'),
('2023M1507', 'Irish Joy', 'Lamela', 'BLIS', '4134406924', '3', 'C'),
('2023M1508', 'Michael John', 'Llanos', 'BLIS', '3677939956', '3', 'C'),
('2023M1509', 'Jonalyn', 'Lumacao', 'BLIS', '4133990084', '3', 'C'),
('2023M1510', 'Mary Florence', 'Manzanejo', 'BLIS', NULL, '3', 'C'),
('2023M1511', 'Paul Gillian', 'Manzanares', 'BLIS', '3679678996', '3', 'C'),
('2023M1512', 'Giselle', 'Miguel', 'BLIS', '4133157076', '3', 'C'),
('2023M1513', 'Christine', 'Narciso', 'BLIS', '3678188364', '3', 'C'),
('2023M1514', 'Pauline Joy', 'Orollo', 'BLIS', '4132843364', '3', 'C'),
('2023M1515', 'Mary Ann', 'Pascual', 'BLIS', '3679565508', '3', 'C'),
('2023M1516', 'Carlo', 'Penolio', 'BLIS', '4133397028', '3', 'C'),
('2023M1517', 'Ahreynah', 'Philamer', 'BLIS', '3679630636', '3', 'C'),
('2023M1518', 'Carl Justine', 'Pilar', 'BLIS', '4132148804', '3', 'C'),
('2023M1519', 'Precious Joy', 'Repolonar', 'BLIS', '3678884116', '3', 'C'),
('2023M1520', 'Joshua Ranulfo', 'Seorin', 'BLIS', '4132333476', '3', 'C'),
('2023M1521', 'Sharmaigne', 'Sinangote', 'BLIS', '3677484628', '3', 'C'),
('2023M1522', 'Kimberly', 'Soriano', 'BLIS', '4133935452', '3', 'C'),
('2023M1523', 'Zendry', 'Suday', 'BLIS', '3678047532', '3', 'C'),
('2023M1524', 'Christian Brian', 'Tabo-on', 'BLIS', '4132859132', '3', 'C'),
('2023M1525', 'Mike Rafael', 'Tandog', 'BLIS', '3679447804', '3', 'C'),
('2023M1527', 'Hannah Kay', 'Tuacao', 'BLIS', '4134319836', '3', 'C'),
('2023M1528', 'Francis Oswald', 'Dorado', 'BSCS', '111324104528', '3', 'A'),
('2023M1530', 'Mary Grace', 'Alpuerto', 'BLIS', '4134775612', '3', 'D'),
('2023M1531', 'Chester', 'Arpon', 'BLIS', '3679349284', '3', 'D'),
('2023M1532', 'Jaimie', 'Baclayo', 'BLIS', '4132612932', '3', 'D'),
('2023M1533', 'Yvonne', 'Bagol', 'BLIS', '3679450468', '3', 'D'),
('2023M1534', 'Almira Jane', 'Batuigas', 'BLIS', '4133923796', '3', 'D'),
('2023M1535', 'Kenny Rae', 'Belaro', 'BLIS', '3678994732', '3', 'D'),
('2023M1536', 'Mary Joy', 'Bog-ot', 'BLIS', '4134894460', '3', 'D'),
('2023M1537', 'Abegail', 'Cabico', 'BLIS', '3679461004', '3', 'D'),
('2023M1538', 'Aldrin', 'Cabalbag', 'BLIS', '4131170708', '3', 'D'),
('2023M1539', 'Mary Reeca', 'Caete', 'BLIS', '3679492044', '3', 'D'),
('2023M1540', 'James', 'Ceballos', 'BLIS', '4134426724', '3', 'D'),
('2023M1541', 'Maria Jessa', 'Cruz', 'BLIS', '3679940180', '3', 'D'),
('2023M1542', 'Grace', 'Delgado', 'BLIS', '4134325508', '3', 'D'),
('2023M1543', 'Kimberly', 'Deseo', 'BLIS', '3678478260', '3', 'D'),
('2023M1544', 'Francis', 'Elio', 'BLIS', '4134829932', '3', 'D'),
('2023M1545', 'Jhon Elmer', 'Encarnacion', 'BLIS', '3677682420', '3', 'D'),
('2023M1546', 'Chester', 'Escober', 'BLIS', '4134466996', '3', 'D'),
('2023M1547', 'Mary Anne', 'Fabian', 'BLIS', '3679724580', '3', 'D'),
('2023M1548', 'Ellaine', 'Fabillar', 'BLIS', '4134214004', '3', 'D'),
('2023M1549', 'Mia', 'Gabales', 'BLIS', '3679929948', '3', 'D'),
('2023M1550', 'Joshua', 'Gallenero', 'BLIS', '4133801292', '3', 'D'),
('2023M1551', 'Kyla Mae', 'Garduque', 'BLIS', '3679586820', '3', 'D'),
('2023M1552', 'Angelo', 'Garsuta', 'BLIS', '4134743148', '3', 'D'),
('2023M1553', 'Mary Grace', 'Gatuz', 'BLIS', '3679549348', '3', 'D'),
('2023M1554', 'Jenelyn', 'Guinitaran', 'BLIS', '4132361948', '3', 'D'),
('2023M1555', 'Althea', 'Gumahad', 'BLIS', '3679767156', '3', 'D'),
('2023M1556', 'Marjorie', 'Inocencio', 'BLIS', '4134898404', '3', 'D'),
('2023M1557', 'Princess', 'Jamir', 'BLIS', '3677998156', '3', 'D'),
('2023M1558', 'Ginalyn', 'Lacadin', 'BLIS', '4134364212', '3', 'D'),
('2023M1559', 'Rick John', 'Lanticse', 'BLIS', '3679443404', '3', 'D'),
('2023M1560', 'Rose Ann', 'Loria', 'BLIS', '4134146004', '3', 'D'),
('2023M1561', 'Robert', 'Magalianes', 'BLIS', '3679343292', '3', 'D'),
('2023M1562', 'April', 'Mahinay', 'BLIS', '4134423004', '3', 'D'),
('2023M1563', 'Ian Jay', 'Malunes', 'BLIS', '3679566308', '3', 'D'),
('2023M1564', 'Nicole', 'Maniago', 'BLIS', '4132940180', '3', 'D'),
('2023M1565', 'Princess', 'Marmol', 'BLIS', '3679983852', '3', 'D'),
('2023M1566', 'Justine', 'Mirasol', 'BLIS', '4133891932', '3', 'D'),
('2023M1567', 'Rechelle', 'Molto', 'BLIS', '3679435092', '3', 'D'),
('2023M1568', 'Josiah', 'Mondragon', 'BLIS', '4132966340', '3', 'D'),
('2023M1763', 'Cynthia Lene G.', 'Sorilla', 'BSIS', '4131322052', '3', 'B'),
('2023M1846', 'Joseph Marc C.', 'Carreon', 'BSEMC', '3679388532', '3', 'A'),
('2023M1848', 'Christian Rei J.', 'MaraOn', 'BSEMC', '3678792436', '3', 'A'),
('2023M1849', 'Ravyn Jude P.', 'Besares', 'BSEMC', NULL, '3', 'A'),
('2023M2073', 'Arabella Fatima L.', 'Tejwani', 'BLIS', '3677642932', '3', 'A'),
('2023M2082', 'Joelmar D.', 'Grecia', 'BSCS', '4132521364', '3', 'B'),
('2023M2083', 'Franz Ali L.', 'Espinosa', 'BSIS', '3679559204', '3', 'B'),
('2023M2154', 'Aser Silveo', 'Baladjay Jr.', 'BSCS', '4131731172', '3', 'A'),
('2023M2193', 'Pierce Leo G.', 'Ollete', 'BSCS', '3678896916', '3', 'A'),
('2023M2194', 'Romelyn I.', 'Delos Reyes', 'BSIS', '3677613316', '3', 'B'),
('2024M01034', 'Ma. Alyssa Camille Paredes', 'Sison', 'BSEMC', '3208557376', '2', 'A'),
('2024M01035', 'Arianne Janine Andales', 'Valdevieso', 'BSEMC', '3753045102', '2', 'A'),
('2024M01036', 'Francis Ryan Besa', 'Villareal', 'BSEMC', '3208582855', '2', 'A'),
('2024M0563', 'Job Javellana', 'Dumapit', 'BSEMC', '3756848443', '2', 'A'),
('2024M0564', 'Vonn Adrielle Jahn Irodistan', 'Barcelona', 'BSEMC', '2659374571', '2', 'A'),
('2024M0742', 'Karl Kenth C.', 'Alconada', 'BSCS', '3206316416', '2', 'A'),
('2024M0743', 'Mary Dawn M.', 'Alido', 'BSCS', '3209033732', '2', 'B'),
('2024M0744', 'Gem Adrian C.', 'Candaganan', 'BSCS', '3209081031', '2', 'B'),
('2024M0745', 'Kelly Ydrhan A.', 'Alojepan', 'BSCS', '3209049875', '2', 'A'),
('2024M0746', 'Elaijah A.', 'Aman', 'BSCS', '3753045605', '2', 'B'),
('2024M0747', 'Shalyn A.', 'Andicoy', 'BSCS', '3209009938', '2', 'A'),
('2024M0748', 'Kurt Andrie D.', 'Asoy', 'BSCS', '3209063885', '2', 'B'),
('2024M0749', 'Arvin B.', 'Bearneza', 'BSCS', '3752999401', '2', 'A'),
('2024M0750', 'Renz Clyd D.', 'Bedonia', 'BSCS', '3208515059', '2', 'B'),
('2024M0751', 'Sean Benedict S.', 'Besana', 'BSCS', '3208594318', '2', 'A'),
('2024M0753', 'Allanah Jae B.', 'Bragancia', 'BSCS', '3488764570', '2', 'A'),
('2024M0754', 'Lyra Bellah A.', 'Buenavista', 'BSCS', '3209013924', '2', 'B'),
('2024M0755', 'Clayton T.', 'Caballero', 'BSCS', '3208571293', '2', 'A'),
('2024M0756', 'Zyrus Christian S.', 'Canteras', 'BSCS', '3208596064', '2', 'A'),
('2024M0757', 'Gwen Tricia G.', 'Cirujales', 'BSCS', '3208527868', '2', 'B'),
('2024M0758', 'Ralph Anthony T.', 'Colada', 'BSCS', '3752975901', '2', 'A'),
('2024M0759', 'Gabrielle Ann B.', 'Concepcion', 'BSCS', '3208547773', '2', 'B'),
('2024M0760', 'Jan Dennis J.', 'Dariagan', 'BSCS', '3488760756', '2', 'A'),
('2024M0761', 'Imylene F.', 'Delfin', 'BSCS', '3756870375', '2', 'B'),
('2024M0762', 'Jose Alfonso E.', 'Dolutan', 'BSCS', '3208532755', '2', 'B'),
('2024M0763', 'Dominique Lorraine O.', 'Dorado', 'BSCS', '3488719888', '2', 'A'),
('2024M0764', 'Janel Shian E.', 'Ellama', 'BSCS', '3209028615', '2', 'B'),
('2024M0765', 'John Chrizper D.', 'Escorpiso', 'BSCS', '3488716411', '2', 'A'),
('2024M0766', 'Ryuske Sendo R.', 'Fabros', 'BSCS', '3756877652', '2', 'B'),
('2024M0767', 'Denver N.', 'Fermase', 'BSCS', '3488752058', '2', 'A'),
('2024M0768', 'Seth Kyrios Vm P.', 'Gaitano', 'BSCS', '3208999617', '2', 'B'),
('2024M0769', 'Samantha Angela', 'Galan', 'BSCS', NULL, '2', 'A'),
('2024M0770', 'Frandolph Joseph L.', 'Guadalupe', 'BSCS', '3208588084', '2', 'B'),
('2024M0771', 'Kristopher Edz A.', 'Jainar', 'BSCS', '3208556668', '2', 'B'),
('2024M0772', 'Aileish Kate L.', 'Jaudian', 'BSCS', '3209049723', '2', 'A'),
('2024M0773', 'Joaquin Daniel E.', 'Jurquina', 'BSCS', '3756799012', '2', 'B'),
('2024M0774', 'Mary Anne E.', 'Labiscase', 'BSCS', '3752973473', '2', 'A'),
('2024M0775', 'William S.', 'Labrador', 'BSCS', '3208605797', '2', 'B'),
('2024M0776', 'Ahlia G.', 'Lawi', 'BSCS', '3752958771', '2', 'A'),
('2024M0777', 'Daniel Vincent M.', 'Loma', 'BSCS', '3209063100', '2', 'B'),
('2024M0778', 'Jennel F.', 'Mabaquiao', 'BSCS', '3208530293', '2', 'B'),
('2024M0779', 'Tim Matthias L.', 'Moreno', 'BSCS', '3208530322', '2', 'B'),
('2024M0780', 'Francesca Joyjie A.', 'Murillo', 'BSCS', NULL, '2', 'A'),
('2024M0781', 'Earl Shanlie D.', 'Nengasca', 'BSCS', '2842316399', '2', 'B'),
('2024M0782', 'Wendel Christian F.', 'Nono', 'BSCS', '3488784631', '2', 'A'),
('2024M0783', 'Samantha Lisha C.', 'Ortega', 'BSCS', '3205809171', '2', 'B'),
('2024M0784', 'Althea Shane B.', 'Panes', 'BSCS', '3208591491', '2', 'A'),
('2024M0785', 'Daniella', 'Montesclaros', 'BSCS', '320631610428', '2', 'A'),
('2024M0786', 'Miguel Vince C.', 'Purzuelo', 'BSCS', '3756854222', '2', 'A'),
('2024M0787', 'Johanah Nicole G.', 'Requina', 'BSCS', '3488782532', '2', 'A'),
('2024M0788', 'Joseph Junel V.', 'Reyes', 'BSCS', '4285853946', '2', 'B'),
('2024M0789', 'Jessa Lyne', 'Palmones', 'BSCS', '482674104456', '2', 'A'),
('2024M0790', 'Daenerys', 'Paulate', 'BSCS', '111324104531', '2', 'A'),
('2024M0791', 'Jessica', 'Payuno', 'BSCS', '320631610423', '2', 'A'),
('2024M0792', 'Justine Luis Artates', 'Dasa', 'BSIT', '3209064155', '2', 'A'),
('2024M0793', 'Justin Ace Derla', 'Ardena', 'BSIT', '3677445716', '2', 'A'),
('2024M0794', 'Krystel', 'Ramos', 'BSCS', '111324104468', '2', 'A'),
('2024M0795', 'Jessa Mae Cartil', 'Braga', 'BSIT', '3753045646', '2', 'B'),
('2024M0796', 'Luisa Rose Dubal', 'Brillantes', 'BSIT', '3488701728', '2', 'A'),
('2024M0889', 'Denise Raquelle Bernadas', 'Alonday', 'BSEMC', '3679531172', '2', 'A'),
('2024M0890', 'Mico Lorenz Natabio', 'Balico', 'BSEMC', '3209042326', '2', 'A'),
('2024M0891', 'Dasha Shay Gan Lee', 'Borrero', 'BSEMC', '3208511243', '2', 'A'),
('2024M0892', 'Peavey Reyes', 'Cabrera', 'BSEMC', '3752966004', '2', 'A'),
('2024M0893', 'Mary Julienne Lyra Dulos', 'Castroverde', 'BSEMC', '3209010565', '2', 'A'),
('2024M0894', 'Llana Muriel Buenaflor', 'Charias', 'BSEMC', '3488776694', '2', 'A'),
('2024M0895', 'Kate Gabrielle Telic', 'Dela Cruz', 'BSEMC', NULL, '2', 'A'),
('2024M0896', 'Glenn Gabriel Angelo Subang', 'Dipon', 'BSEMC', '3756840350', '2', 'A'),
('2024M0897', 'Lanz Gerard Calingo', 'Elizaga', 'BSEMC', '3208546674', '2', 'A'),
('2024M0898', 'Coleen Lizette Abonado', 'Farrol', 'BSEMC', '3756791830', '2', 'A'),
('2024M0899', 'Sean Gerald Velasco', 'Genona', 'BSEMC', '3209014577', '2', 'A'),
('2024M0900', 'Franchella Pilla', 'Habaradas', 'BSEMC', '3208510407', '2', 'A'),
('2024M0901', 'Dion Gerard Aguilar', 'Ibanez', 'BSEMC', '3752971613', '2', 'A'),
('2024M0902', 'Sabria Nicole Alfaras', 'Loro', 'BSEMC', '3677385076', '2', 'A'),
('2024M0903', 'Ehren Jasmine Rosales', 'Lozada', 'BSEMC', '3488738756', '2', 'A'),
('2024M0904', 'Quela Del Rosario', 'Magbanua', 'BSEMC', '3208549367', '2', 'A'),
('2024M0906', 'Mry Antoinette Raven Golingan', 'Murcia', 'BSEMC', '3753020709', '2', 'A'),
('2024M0907', 'Jasper Luke Buday', 'Paredes', 'BSEMC', '3208536880', '2', 'A'),
('2024M0908', 'Christine Nicole Belandres', 'Perales', 'BSEMC', '3208537319', '2', 'A'),
('2024M0909', 'King Planto', 'Rodrigo', 'BSEMC', '3209038081', '2', 'A'),
('2024M0910', 'Radge Matthew Tacayon', 'SeEres', 'BSEMC', '3488707634', '2', 'A'),
('2024M0911', 'Jed Ferdinand Sobrevega', 'Aldep', 'BSIS', '3488788185', '2', 'A');
INSERT INTO `students` (`stud_id`, `first_name`, `last_name`, `course`, `rfid_tag`, `year_level`, `section`) VALUES
('2024M0912', 'Gabrielle Ann EscaAn', 'Arcenas', 'BSIS', '3209019467', '2', 'A'),
('2024M0913', 'Romer Zion Habaradas', 'Alonday', 'BSIS', '3678486004', '2', 'A'),
('2024M0914', 'Angela Louise Porras', 'Alvior', 'BSIS', '3678702900', '2', 'A'),
('2024M0915', 'Ciedee Jyrho Perez', 'Avelino', 'BSIS', '3488735225', '2', 'A'),
('2024M0916', 'James Dian CaUto', 'Bornales', 'BSIS', '3756826849', '2', 'A'),
('2024M0917', 'Brent Luces', 'Dela Cruz', 'BSIS', '3753007877', '2', 'A'),
('2024M0918', 'Yllyzsha Louise Pueda', 'Deri', 'BSIS', '3209057100', '2', 'A'),
('2024M0919', 'John Edwel Abiday', 'Esmeres', 'BSIS', '3208524410', '2', 'A'),
('2024M0920', 'Joshua Daniel Tacliendo', 'Espartero', 'BSIS', '3209047495', '2', 'A'),
('2024M0921', 'Crizlhor Andreaz Benban', 'Fernando', 'BSIS', '3756841773', '2', 'A'),
('2024M0922', 'Ezrha Singson', 'Fines', 'BSIS', '3208531738', '2', 'A'),
('2024M0923', 'Jeger Jr. Estanislao', 'Gonzales', 'BSIS', '2626620811', '2', 'A'),
('2024M0924', 'Karl Andrei Enorio', 'Guardapies', 'BSIS', '3756790434', '2', 'A'),
('2024M0925', 'John Christian Que', 'Jamesula', 'BSIS', '3208599372', '2', 'A'),
('2024M0926', 'Rhodora Joy Torrecampo', 'Ladrillo', 'BSIS', '3209021002', '2', 'A'),
('2024M0928', 'Joseph Benedict Itabag', 'Masicampo', 'BSIS', NULL, '2', 'A'),
('2024M0929', 'Isiah James Tamon', 'Nasalga', 'BSIS', '3208551405', '2', 'A'),
('2024M0930', 'Juan Miguel Josue', 'Pamati-An', 'BSIS', '3209075319', '2', 'A'),
('2024M0931', 'Jemareal Narisma', 'ParreO', 'BSIS', '2655621835', '2', 'A'),
('2024M0932', 'Ethan Tyler Swanson', 'Razalan', 'BSIS', '3208591897', '2', 'A'),
('2024M0933', 'Mark Leonard', 'Plaza', 'BSIS', '481553610432', '2', 'A'),
('2024M0934', 'John Paul Padilla', 'Roa', 'BSIS', '3752975228', '2', 'A'),
('2024M0935', 'Roylyn James Caalim', 'Robante', 'BSIS', '3209055325', '2', 'A'),
('2024M0936', 'Shayne Charisse Arcenal', 'Rongco', 'BSIS', '3488708476', '2', 'A'),
('2024M0937', 'Justin Cabantug', 'Timban', 'BSIS', '3208603802', '2', 'A'),
('2024M0938', 'Vin Rechnell Gico', 'Sandig', 'BSIS', '3208563322', '2', 'A'),
('2024M0939', 'Krizzia Nicole Alcalde', 'Santacera', 'BSIS', '3756741961', '2', 'A'),
('2024M0940', 'Ryssa Aryana Haro', 'Turija', 'BSIS', '3488784635', '2', 'A'),
('2024M0941', 'Elijah Theodore Bautista', 'Uy', 'BSIS', '3209056775', '2', 'A'),
('2024M0942', 'Gabriel John Pastera', 'Uy', 'BSIS', '3756769609', '2', 'A'),
('2024M0943', 'Jhon Patrick Aspera', 'Watimar', 'BSIS', '3488754897', '2', 'A'),
('2024M0944', 'Jendell', 'Sarping', 'BSIS', '391556104501', '2', 'A'),
('2024M0945', 'Jose Emanuel', 'Seastraza', 'BSIS', '482674610422', '2', 'A'),
('2024M0946', 'Steffan Gabriel', 'Sebial', 'BSIS', '124190610497', '2', 'A'),
('2024M0947', 'Maria Leona', 'Seraspi', 'BSIS', '111324104488', '2', 'A'),
('2024M0948', 'Sharina Mae', 'Suerte', 'BSIS', '320631610449', '2', 'A'),
('2024M0949', 'Christine Joy', 'Tacata', 'BSIS', '391556104486', '2', 'A'),
('2024M0950', 'Kurt Devon', 'Tadifa', 'BSIS', '111324104492', '2', 'A'),
('2024M0951', 'Mary Katherine', 'Tadifa', 'BSIS', '206012104489', '2', 'A'),
('2024M0952', 'Kyle Anthony', 'Tamag', 'BSIS', '482674610426', '2', 'A'),
('2024M0953', 'Reggie Bryan', 'Tamparong', 'BSIS', '124190610469', '2', 'A'),
('2024M0954', 'Love Joy', 'Tanchuling', 'BSIS', '391556104540', '2', 'A'),
('2024M0955', 'Honeylyn', 'Tendon', 'BSIS', '320631610446', '2', 'A'),
('2024M0956', 'Cheska Marie', 'Tidalgo', 'BSIS', '111324104494', '2', 'A'),
('2024M0957', 'Mikaela', 'Torrecampo', 'BSIS', '481553610433', '2', 'A'),
('2024M0958', 'Roxanne', 'Torrente', 'BSIS', '124190610458', '2', 'A'),
('2024M0959', 'Mary Rose', 'Tuddao', 'BSIS', '482674610416', '2', 'A'),
('2024M0960', 'John Carlo', 'Tumampo', 'BSIS', '391556104454', '2', 'A'),
('2024M0961', 'Thea', 'Umali', 'BSIS', '111324104457', '2', 'A'),
('2024M0962', 'Michael', 'Valle', 'BSIS', '320631610444', '2', 'A'),
('2024M0963', 'Arvee', 'Valmores', 'BSIS', '481553610440', '2', 'A'),
('2024M0964', 'Ronie Mae', 'Vibar', 'BSIS', '111324104520', '2', 'A'),
('2024M0965', 'Crystal Gayle', 'Villarino', 'BSIS', '391556104456', '2', 'A'),
('2024M0966', 'Christine', 'Villavert', 'BSIS', '482674610473', '2', 'A'),
('2024M0967', 'Edrian', 'Ymana', 'BSIS', '124190610484', '2', 'A'),
('2024M0968', 'Warren', 'Yosef', 'BSIS', '206012104423', '2', 'A'),
('2024M0969', 'Justin', 'Zabala', 'BSIS', '320631610471', '2', 'A'),
('2024M0970', 'Jasper', 'Zapatos', 'BSIS', '391556104538', '2', 'A'),
('2024M0971', 'Gerald', 'Zapico', 'BSIS', '111324104510', '2', 'A'),
('2024M0972', 'Jannah', 'Zaragoza', 'BSIS', '482674610484', '2', 'A'),
('2024M0973', 'Raven', 'Zeta', 'BSIS', '206012104490', '2', 'A'),
('2024M0974', 'Zyrrah', 'Zuniega', 'BSIS', '111324104498', '2', 'A'),
('2024M1052', 'Jersan Avelino', 'Balbona', 'BLIS', '3209036334', '2', 'A'),
('2024M1053', 'Norwin De La Cruz', 'Antipatia', 'BLIS', '3208541597', '2', 'A'),
('2024M1054', 'Jaznine Canopio', 'Andasa', 'BLIS', '3756808573', '2', 'A'),
('2024M1055', 'Ashley Demawalo', 'Arana', 'BLIS', '3206009222', '2', 'A'),
('2024M1056', 'Jedirose Valeria', 'Babunas', 'BLIS', '3488752228', '2', 'A'),
('2024M1057', 'Rain Zhel Faith', 'Bayonita', 'BLIS', '3208558325', '2', 'A'),
('2024M1058', 'Ma. Vill Ann Filiciano', 'Castillo', 'BLIS', '3208554832', '2', 'A'),
('2024M1059', 'Ais Dianne Simpas', 'Damasco', 'BLIS', '3488761249', '2', 'A'),
('2024M1060', 'Stella Maris Hiso-An', 'De Velez', 'BLIS', '3208571340', '2', 'A'),
('2024M1061', 'Krisha Marie Donesa', 'Garnzo', 'BLIS', '3752999872', '2', 'A'),
('2024M1062', 'Timothy Justine Palomo', 'Nochete', 'BLIS', '3208549090', '2', 'A'),
('2024M1063', 'Genebelle Mitch Donguines', 'Lacibal', 'BLIS', '3209010327', '2', 'A'),
('2024M1064', 'Precious Eda Bunque', 'Mangana', 'BLIS', '3488734962', '2', 'A'),
('2024M1065', 'Elgin Jhero Sequido', 'Nono', 'BLIS', '3209082690', '2', 'A'),
('2024M1066', 'Marianne Guaro', 'Pasinao', 'BLIS', '3488776065', '2', 'A'),
('2024M1067', 'Charles Sydney Geonanga', 'Patriarca', 'BLIS', NULL, '2', 'A'),
('2024M1068', 'Angel Kay Arcangel', 'Regacho', 'BLIS', '3756736674', '2', 'A'),
('2024M1069', 'Ritchel Paul Panergo', 'Sencil', 'BLIS', '3488785492', '2', 'A'),
('2024M1070', 'Bryan Collado', 'Solano', 'BLIS', '3488753930', '2', 'A'),
('2024M1071', 'Ayeza Marie Leysa', 'Vilchez', 'BLIS', '3208537886', '2', 'A'),
('2024M1072', 'Alyra Flores', 'Pamplona', 'BLIS', '3753034233', '2', 'A'),
('2024M1084', 'Gleih Cen Lopez', 'Sayno', 'BSIT', '3488773621', '2', 'B'),
('2024M1085', 'Moses John Cachuela', 'Hermosura', 'BSIT', '3753045630', '2', 'B'),
('2024M1086', 'Apryl Nine Grace Salibio', 'Abella', 'BSIT', '2625028123', '2', 'A'),
('2024M1087', 'Marque Iii Salinas', 'Acap', 'BSIT', '3488783523', '2', 'B'),
('2024M1088', 'Raphaelle Dmitri Floreno', 'Alabanzas', 'BSIT', '3206335728', '2', 'B'),
('2024M1089', 'Mark Henry Eleuterio', 'Alejandro', 'BSIT', '3209057316', '2', 'A'),
('2024M1090', 'Roland Shem Jimera', 'Alera', 'BSIT', '3488778154', '2', 'B'),
('2024M1091', 'John Kim De La Cruz', 'Alunan', 'BSIT', '3208534912', '2', 'A'),
('2024M1092', 'Justin Jerrickho', 'Amaguin', 'BSIT', '3208564871', '2', 'B'),
('2024M1093', 'Kenneth Mac Rene Vallejo', 'Anas', 'BSIT', '3208569150', '2', 'A'),
('2024M1094', 'Juan Miguel Rashley Madayag', 'Andrada', 'BSIT', '3488761895', '2', 'B'),
('2024M1095', 'Pearl Trihsa Alfonso', 'Bantillo', 'BSIT', '3488769356', '2', 'A'),
('2024M1096', 'Winbealle Tumlos', 'Baylon', 'BSIT', NULL, '2', 'B'),
('2024M1097', 'Mae Daniella Faith Cajuyong', 'Benjamin', 'BSIT', '3679416676', '2', 'A'),
('2024M1098', 'Ric Christian Ferrer', 'Bocatiha', 'BSIT', '3677993748', '2', 'B'),
('2024M1099', 'Ellisa Shammah Celoso', 'Bonete', 'BSIT', '4285886165', '2', 'A'),
('2024M1100', 'April Joy', 'Bilasana', 'BSIT', '481553610431', '2', 'A'),
('2024M1101', 'Mark Alvin Cagalawan', 'Cadangin', 'BSIT', '3488724547', '2', 'A'),
('2024M1102', 'Caryl Ann MariO', 'Calibjo', 'BSIT', '3206291274', '2', 'B'),
('2024M1103', 'Eliza May Gallego', 'Calisa', 'BSIT', '3488784341', '2', 'A'),
('2024M1104', 'Carl Justin Cercado', 'Calotes', 'BSIT', '4285793012', '2', 'B'),
('2024M1105', 'Bryan Roy Peremne', 'Cartera', 'BSIT', '3208560859', '2', 'A'),
('2024M1106', 'Sven Pelasol', 'Catalan', 'BSIT', '3488766334', '2', 'B'),
('2024M1107', 'Jezly Raine', 'Delos Reyes', 'BSIT', '111324104519', '2', 'A'),
('2024M1108', 'Ivar Roldan', 'Labos', 'BSIT', '3752981728', '2', 'A'),
('2024M1109', 'Joseph Angelo OAng', 'Japtina', 'BSIT', '3208576513', '2', 'B'),
('2024M1110', 'Aecielle Dangan', 'Cervantes', 'BSIT', '2627031115', '2', 'B'),
('2024M1111', 'Kurt David Gegantoni', 'Dayao', 'BSIT', '2646186779', '2', 'B'),
('2024M1112', 'Daniella Vicente', 'Dayrit', 'BSIT', '3756804094', '2', 'A'),
('2024M1113', 'Ryzel John Espora', 'De Guia', 'BSIT', '3752880293', '2', 'B'),
('2024M1114', 'Christian Paul Caserial', 'De La Cruz', 'BSIT', '3208584417', '2', 'A'),
('2024M1115', 'Carlo Jay Morales', 'Degala', 'BSIT', '3752980768', '2', 'B'),
('2024M1116', 'Hannah Lea Escalarga', 'Demafiles', 'BSIT', '3488732754', '2', 'A'),
('2024M1118', 'Gracer Ann Salgo', 'Escalada', 'BSIT', '3208600375', '2', 'A'),
('2024M1119', 'Kristine Joy Sornito', 'Espinosa', 'BSIT', '3756738665', '2', 'B'),
('2024M1120', 'Fritz Marick Agilles', 'Fernandez', 'BSIT', '3756787084', '2', 'A'),
('2024M1121', 'Christopher Gian Salarda', 'Fernandez', 'BSIT', '3752985772', '2', 'B'),
('2024M1122', 'Hannah Fruylan', 'Fernandez', 'BSIT', '3753025315', '2', 'A'),
('2024M1123', 'Mikhael Jeff Beaniza', 'Gedorio', 'BSIT', '3756768898', '2', 'B'),
('2024M1124', 'Grasyl Ann Gedaya', 'Geocadin', 'BSIT', '3209024695', '2', 'A'),
('2024M1125', 'Mark Angelo Arroyo', 'Jamela', 'BSIT', '4285808822', '2', 'A'),
('2024M1126', 'Jahna Erika Hortilano', 'Lagne', 'BSIT', '3752955929', '2', 'B'),
('2024M1127', 'Lyka Ricarto', 'Lamparero', 'BSIT', '3753024672', '2', 'A'),
('2024M1130', 'John Israel Bulala', 'Mercado', 'BSIT', NULL, '2', 'A'),
('2024M1131', 'Juan Carlos Bustarga', 'Moje', 'BSIT', '2625426811', '2', 'B'),
('2024M1132', 'Jenny Mae Reyes', 'Navea', 'BSIT', '3752962588', '2', 'A'),
('2024M1133', 'Joshua John Ezekiel', 'Pangantihon', 'BSIT', '3208511705', '2', 'B'),
('2024M1134', 'John Emmanuel Larroza', 'Pieza', 'BSIT', '3756859772', '2', 'A'),
('2024M1135', 'Renz Emmanuel Palmos', 'Ramos', 'BSIT', '3756722233', '2', 'B'),
('2024M1136', 'James Cabang', 'Remegio', 'BSIT', '3756717003', '2', 'A'),
('2024M1138', 'Jose Emmanuel Seastres', 'Sariego', 'BSIT', '3488793531', '2', 'A'),
('2024M1139', 'Alyanna Bianca Sajonia', 'Serra', 'BSIT', '3488705472', '2', 'A'),
('2024M1140', 'Eumee Solas', 'Sodusta', 'BSIT', '3208596913', '2', 'B'),
('2024M1141', 'Ellen Mae Tababa', 'Tacleon', 'BSIT', '3488728202', '2', 'A'),
('2024M1142', 'Jesse Antoine Garay', 'Tacluyan', 'BSIT', '3753016928', '2', 'B'),
('2024M1143', 'Vincent John Abe-Abe', 'TamaO', 'BSIT', '3752969646', '2', 'A'),
('2024M1144', 'Ysabella Nicole De Leon', 'Tumlos', 'BSIT', '3752983026', '2', 'B'),
('2024M1145', 'Kliu Maverick Delfin', 'Villanueva', 'BSIT', '3488743681', '2', 'A'),
('2024M1146', 'Lianne Dane Lachica', 'Yasa', 'BSIT', '3206027786', '2', 'B'),
('2024M1200', 'Aliyah Mariel D.', 'Santos', 'BSCS', '3208548539', '2', 'B'),
('2024M1201', 'Nicholas Robert T.', 'Saraet', 'BSCS', NULL, '2', 'A'),
('2024M1202', 'Nathan Jez E.', 'Sarrosa', 'BSCS', '3209078695', '2', 'B'),
('2024M1203', 'Josery Hope Aquidado', 'Socolar', 'BSCS', '3209002261', '2', 'A'),
('2024M1204', 'Russel Ii M.', 'Soliman', 'BSCS', '3206002002', '2', 'B'),
('2024M1205', 'David Andre A.', 'Solomon', 'BSCS', '3488706935', '2', 'A'),
('2024M1206', 'Lester Gianne C.', 'Suerte', 'BSCS', '3205866966', '2', 'B'),
('2024M1207', 'Adrian Dominic L.', 'Tan', 'BSCS', '3208540467', '2', 'A'),
('2024M1208', 'Mark Luigi R.', 'Tortuya', 'BSCS', '3753034465', '2', 'B'),
('2024M1209', 'Louis Ben L.', 'Umadhay', 'BSCS', '3756772243', '2', 'A'),
('2024M1210', 'K Giulian C.', 'Cartojano', 'BSCS', '3752957861', '2', 'B'),
('2024M1211', 'Mar Hanzel O.', 'Dizon', 'BSCS', '3678531284', '2', 'A'),
('2024M1212', 'Jurish Pauleen C.', 'Hitalia', 'BSCS', '2658808667', '2', 'A'),
('2024M1215', 'Faith Chennie Navio', 'Magno', 'BLIS', '4285862805', '2', 'A'),
('2024M1499', 'Hyacinth Ann A.', 'Valenzuela', 'BSEMC', NULL, '3', 'A'),
('2024M1546', 'Angel Mae Cabillete', 'Calubayan', 'BLIS', '3208591774', '2', 'A'),
('2024M1547', 'Rienner John Reyes', 'Japitana', 'BLIS', '3756828914', '2', 'A'),
('2024M1548', 'Xymex B.', 'Miralles', 'BSCS', '3756762242', '2', 'A'),
('2024M1549', 'John Mark S.', 'Panganiban', 'BSCS', '3208995051', '2', 'B'),
('2024M1551', 'Karlo Antonio V.', 'Penaranda', 'BSCS', '3209073897', '2', 'A'),
('2024M1552', 'Michael John D.', 'Ramos', 'BSCS', '3209006574', '2', 'B'),
('2024M1553', 'Raigne Kenzi G.', 'Chua', 'BSCS', '3756693124', '2', 'A'),
('2024M1584', 'Nherie Coopera', 'Acebuche', 'BSIT', '3756982030', '2', 'A'),
('2024M1585', 'Chelson Khalil Clyde Baranda', 'Laud', 'BSIT', '2627525691', '2', 'B'),
('2024M1813', 'Stian Oziel Ybera', 'Magtulis', 'BSIS', '3208550451', '2', 'A'),
('2024M2097', 'Mea', 'Mendoza', 'BSCS', '124190610463', '2', 'A');

--
-- Indexes for dumped tables
--

--
-- Indexes for table `attendance`
--
ALTER TABLE `attendance`
  ADD PRIMARY KEY (`attendance_id`),
  ADD KEY `idx_attendance_stud` (`stud_id`),
  ADD KEY `idx_attendance_event` (`event_id`),
  ADD KEY `idx_attendance_session` (`session`),
  ADD KEY `idx_attendance_stud_event_session` (`stud_id`,`event_id`,`session`);

--
-- Indexes for table `community_service`
--
ALTER TABLE `community_service`
  ADD PRIMARY KEY (`service_id`),
  ADD KEY `idx_community_service_stud` (`stud_id`);

--
-- Indexes for table `events`
--
ALTER TABLE `events`
  ADD PRIMARY KEY (`event_id`);

--
-- Indexes for table `fines`
--
ALTER TABLE `fines`
  ADD PRIMARY KEY (`fine_id`),
  ADD UNIQUE KEY `transaction_id` (`transaction_id`),
  ADD KEY `idx_fines_stud` (`stud_id`),
  ADD KEY `idx_fines_event` (`event_id`);

--
-- Indexes for table `payments`
--
ALTER TABLE `payments`
  ADD PRIMARY KEY (`payment_id`),
  ADD UNIQUE KEY `transaction_id` (`transaction_id`),
  ADD KEY `idx_payments_stud` (`stud_id`);

--
-- Indexes for table `students`
--
ALTER TABLE `students`
  ADD PRIMARY KEY (`stud_id`),
  ADD UNIQUE KEY `rfid_tag` (`rfid_tag`),
  ADD KEY `idx_students_rfid` (`rfid_tag`);

--
-- Constraints for dumped tables
--

--
-- Constraints for table `attendance`
--
ALTER TABLE `attendance`
  ADD CONSTRAINT `attendance_ibfk_1` FOREIGN KEY (`stud_id`) REFERENCES `students` (`stud_id`) ON DELETE CASCADE,
  ADD CONSTRAINT `attendance_ibfk_2` FOREIGN KEY (`event_id`) REFERENCES `events` (`event_id`) ON DELETE CASCADE;

--
-- Constraints for table `community_service`
--
ALTER TABLE `community_service`
  ADD CONSTRAINT `community_service_ibfk_1` FOREIGN KEY (`stud_id`) REFERENCES `students` (`stud_id`) ON DELETE CASCADE;

--
-- Constraints for table `fines`
--
ALTER TABLE `fines`
  ADD CONSTRAINT `fines_ibfk_1` FOREIGN KEY (`stud_id`) REFERENCES `students` (`stud_id`) ON DELETE CASCADE,
  ADD CONSTRAINT `fines_ibfk_2` FOREIGN KEY (`event_id`) REFERENCES `events` (`event_id`) ON DELETE CASCADE;

--
-- Constraints for table `payments`
--
ALTER TABLE `payments`
  ADD CONSTRAINT `payments_ibfk_1` FOREIGN KEY (`stud_id`) REFERENCES `students` (`stud_id`) ON DELETE CASCADE;
COMMIT;

/*!40101 SET CHARACTER_SET_CLIENT=@OLD_CHARACTER_SET_CLIENT */;
/*!40101 SET CHARACTER_SET_RESULTS=@OLD_CHARACTER_SET_RESULTS */;
/*!40101 SET COLLATION_CONNECTION=@OLD_COLLATION_CONNECTION */;
